STYLE CODE,CATEGORY,MRP,SEASON,FIT,SLEEVE,PATTERN,Denim Wash,COLOR,FABRIC COMPOSITION,NSQ,AVAIL,ST%,FPST RATING
FMTSH3566,Polo,1799,AW,Regular,HS,AOP,,MUSTARD,60% Cotton 40 % Poly Vortex,346,809,0.4276885043263288,AVERAGE
FMTSH3600,Polo,1799,AW,Regular,HS,AOP,,NAVY,100% Cotton,715,1390,0.5143884892086331,BEST SELLER
FMTSH3603,Polo,1799,AW,Regular,HS,AOP,,WHITE,100% Cotton,605,881,0.6867196367763905,BEST SELLER
FMTSH3604,Polo,1799,AW,Regular,HS,AOP,,GREEN,100% Cotton,520,901,0.5771365149833518,BEST SELLER
FMTSH3916,Polo,1799,AW,REGULAR,HS,Textured,,GREY,100% COTTON,162,347,0.4668587896253602,AVERAGE +
FMTSH3917,Polo,1799,AW,REGULAR,HS,AOP,,WINE,100% COTTON,54,182,0.2967032967032967,POOR SELLER
FMTSH3918,Polo,1799,AW,REGULAR,HS,AOP,,BLACK,100% COTTON,246,573,0.4293193717277487,AVERAGE
FMTSH3921,Polo,1999,AW,REGULAR,HS,Textured,,BLACK,"60cotton,40 poly",394,761,0.5177398160315374,BEST SELLER
FMTSH3922,Polo,1999,AW,REGULAR,HS,Textured,,WHITE,"60cotton,40 poly",384,714,0.5378151260504201,BEST SELLER
FMTSH3923,Polo,1999,AW,REGULAR,HS,Textured,,BLUE,100% cotton,160,307,0.5211726384364821,BEST SELLER
FMTSH3924,Polo,1999,AW,REGULAR,HS,Textured,,GREY,100% cotton,110,230,0.4782608695652174,AVERAGE +
FMTSH3930,Polo,1999,AW,RELAXED- OVERSIZE,HS,Graphic,,WHITE,100% COTTON,47,356,0.13202247191011235,POOR SELLER
FMTSH3931,Polo,1999,AW,RELAXED- OVERSIZE,HS,Graphic,,GREY,100% COTTON,57,350,0.16285714285714287,POOR SELLER
FMTSH3945,Polo,1999,AW,REGULAR,HS,AOP,,BEIGE,100% cotton,192,562,0.3416370106761566,POOR SELLER
FMTSH3946,Polo,1999,AW,REGULAR,HS,AOP,,NAVY,100% cotton,79,485,0.16288659793814433,POOR SELLER
FMTSH3952,Polo,1299,AW,REGULAR,HS,AOP,,MUSTARD,100% cotton,185,467,0.3961456102783726,AVERAGE
FMTSH3953,Polo,1299,AW,REGULAR,HS,AOP,,GREEN,100% cotton,16,126,0.12698412698412698,POOR SELLER
FMTSH3955,Polo,1799,AW,REGULAR,HS,AOP,,BEIGE,100% cotton,128,203,0.6305418719211823,BEST SELLER
FMTSH3957,Polo,1599,AW,REGULAR,HS,Solid,,WHITE,100% cotton,284,720,0.39444444444444443,AVERAGE
FMTSH3958,Polo,1599,AW,REGULAR,HS,Solid,,NAVY,100% cotton,261,699,0.37339055793991416,POOR SELLER
FMTSH3959,Polo,1599,AW,REGULAR,HS,Solid,,GREEN,100% cotton,259,456,0.5679824561403509,BEST SELLER
FMTSH3963,Polo,1299,AW,REGULAR,HS,Solid,,GREEN,100% cotton,375,607,0.6177924217462932,BEST SELLER
FMTSH3964,Polo,1299,AW,REGULAR,HS,Solid,,BLACK,100% cotton,365,599,0.6093489148580968,BEST SELLER
FMTSH3965,Polo,1299,AW,REGULAR,HS,Solid,,GREY,100% cotton,311,454,0.6850220264317181,BEST SELLER
FMTSH3970,Polo,1999,AW,REGULAR,HS,Washed,,INDIGO,100% cotton,265,574,0.4616724738675958,AVERAGE +
FMTSH3972,Polo,1999,AW,REGULAR,HS,Washed,,INDIGO,100% cotton,121,359,0.3370473537604457,POOR SELLER
FMTSH3987,Polo,2499,AW,REGULAR,HS,Stripe,,OFF WHITE,100% Cotton,122,240,0.5083333333333333,BEST SELLER
FMTSH3988,Polo,2499,AW,REGULAR,HS,Stripe,,NAVY,100% Cotton,95,183,0.5191256830601093,BEST SELLER
FMTSHCR0001,Polo,1299,AW,Regular,HS,Solid,,BLACK,100% cotton,93,175,0.5314285714285715,BEST SELLER
FMTSHCR0002,Polo,1299,AW,Regular,HS,Solid,,BLUE,100% cotton,73,191,0.38219895287958117,POOR SELLER
FMTSHCR0003,Polo,1299,AW,Regular,HS,Solid,,BROWN,80% Cotton 20% Poly,112,207,0.5410628019323671,BEST SELLER
FMTSHCR0004,Polo,1299,AW,Regular,HS,Solid,,TEAL,80% Cotton 20% Poly,104,168,0.6190476190476191,BEST SELLER
FMTSHCR0005,Polo,1299,AW,Regular,HS,Solid,,GREY,80% Cotton 20% Poly,79,160,0.49375,BEST SELLER
FMTSHCR0006,Polo,1299,AW,Regular,HS,Solid,,GREEN,80% Cotton 20% Poly,86,167,0.5149700598802395,BEST SELLER
FMTSHCR0007,Polo,1299,AW,Regular,HS,Solid,,WINE,80% Cotton 20% Poly,133,167,0.7964071856287425,BEST SELLER
FMTSHCR0008,Polo,1299,AW,Regular,HS,Solid,,NAVY,80% Cotton 20% Poly,41,194,0.211340206185567,POOR SELLER
FMTSH4231,T-shirt: Crew,799,AW,REGULAR,HS,Seasonal Graphic,,WINE,60% Cotton 40% Polyester,96,291,0.32989690721649484,POOR SELLER
FMTSH4232,T-shirt: Crew,799,AW,REGULAR,HS,Seasonal Graphic,,OFF WHITE,60% Cotton 40% Polyester,141,325,0.4338461538461538,AVERAGE
FMTSH4282,T-shirt: Crew,999,AW,REGULAR,HS,Brand Carrier,,BLACK,100% Cotton,186,494,0.3765182186234818,POOR SELLER
FMTSH4281,T-shirt: Crew,999,AW,REGULAR,HS,Brand Carrier,,WHITE,100% Cotton,81,234,0.34615384615384615,POOR SELLER
FMTSH4237,T-shirt: Crew,799,AW,REGULAR,HS,Seasonal Graphic,,YELLOW,60% Cotton 40% Polyester,213,370,0.5756756756756757,BEST SELLER
FMTSH4246,T-shirt: Crew,1299,AW,REGULAR,HS,Stripe,,WHITE,100% Cotton,406,523,0.7762906309751434,BEST SELLER
FMTSH4259,T-shirt: Crew,1299,AW,REGULAR,HS,AOP,,WHITE,100% Cotton,219,495,0.44242424242424244,AVERAGE
FMTSH4267,T-shirt: Crew,999,AW,REGULAR,HS,Brand Carrier,,WHITE,100% Cotton,445,673,0.6612184249628529,BEST SELLER
FMTSH4268,T-shirt: Crew,999,AW,REGULAR,HS,Brand Carrier,,MUSTARD,100% Cotton,436,678,0.6430678466076696,BEST SELLER
FMTSH4498,T-shirt: Crew,999,AW,REGULAR,HS,Brand Carrier,,GREEN,100% Cotton,268,450,0.5955555555555555,BEST SELLER
FMTSH4499,T-shirt: Crew,999,AW,REGULAR,HS,Brand Carrier,,OFF WHITE,100% Cotton,364,589,0.6179966044142614,BEST SELLER
FMTSH4358,T-shirt: Crew,999,AW,REGULAR,HS,Brand Carrier,,RUST,100% Cotton,336,487,0.6899383983572895,BEST SELLER
FMTSH4275,T-shirt: Crew,1499,AW,REGULAR,HS,Brand Carrier,,GREEN,100% Cotton,295,489,0.6032719836400818,BEST SELLER
FMTSH4276,T-shirt: Crew,1299,AW,REGULAR,HS,Brand Carrier,,BLACK,93% Cotton 7% Lycra,482,717,0.6722454672245467,BEST SELLER
FMTSH4501,T-shirt: Crew,799,AW,REGULAR,HS,Brand Carrier,,BLACK,60% Cotton 40% Polyester,694,742,0.9353099730458221,BEST SELLER
FMTSH4292,T-shirt: Crew,1299,AW,REGULAR,HS,Stripe,,OFF WHITE,100% Cotton,246,498,0.4939759036144578,BEST SELLER
FMTSH4293,T-shirt: Crew,1299,AW,REGULAR,HS,Stripe,,PINK,100% Cotton,185,437,0.4233409610983982,AVERAGE
FMTSH4333,T-shirt: Crew,1499,AW,REGULAR,HS,Washed,,NAVY,100% Cotton,205,360,0.5694444444444444,BEST SELLER
FMTSH4334,T-shirt: Crew,1499,AW,REGULAR,HS,Washed,,BLACK,100% Cotton,227,476,0.47689075630252103,AVERAGE +
FMTSH4500,T-shirt: Crew,799,AW,REGULAR,HS,Brand Carrier,,WHITE,60% Cotton 40% Polyester,175,219,0.7990867579908676,BEST SELLER
FMTSH4279,T-shirt: Crew,1299,AW,REGULAR,HS,Brand Carrier,,NAVY,93% Cotton 7% Lycra,275,372,0.739247311827957,BEST SELLER
FMTSH4349,T-shirt: Crew,799,AW,REGULAR,HS,Brand Carrier,,BLUE,60% Cotton 40% Polyester,263,333,0.7897897897897898,BEST SELLER
FMTSH4272,T-shirt: Crew,1499,AW,REGULAR,HS,Brand Carrier,,RED,100% Cotton,411,568,0.7235915492957746,BEST SELLER
FMTSH4368,T-shirt: Crew,999,AW,RELAXED- OVERSIZE,HS,Solid,,LAVENDAR,100% Cotton,341,513,0.6647173489278753,BEST SELLER
FMTSH4369,T-shirt: Crew,999,AW,RELAXED- OVERSIZE,HS,Solid,,GREEN,100% Cotton,267,511,0.5225048923679061,BEST SELLER
FMTSH4372,T-shirt: Crew,1499,AW,RELAXED- OVERSIZE,HS,Young Graphic,,ORANGE,100% Cotton,91,147,0.6190476190476191,BEST SELLER
FMTSH4373,T-shirt: Crew,1499,AW,RELAXED- OVERSIZE,HS,Young Graphic,,GREY,100% Cotton,186,322,0.577639751552795,BEST SELLER
FMTSH4374,T-shirt: Crew,1299,AW,RELAXED- OVERSIZE,HS,Young Graphic,,BLUE,100% Cotton,149,418,0.35645933014354064,POOR SELLER
FMTSH4375,T-shirt: Crew,1299,AW,RELAXED- OVERSIZE,HS,Young Graphic,,YELLOW,100% Cotton,105,375,0.28,POOR SELLER
FMTSH4377,T-shirt: Crew,1299,AW,RELAXED- OVERSIZE,HS,Young Graphic,,GREY,100% Cotton,205,391,0.5242966751918159,BEST SELLER
FMTSH4378,T-shirt: Crew,1499,AW,RELAXED- OVERSIZE,HS,Young Graphic,,BLACK,100% Cotton,286,389,0.7352185089974294,BEST SELLER
FMTSH4386,T-shirt: Crew,1799,AW,REGULAR,HS,Young Graphic,,WHITE,100% Cotton,187,421,0.44418052256532065,AVERAGE +
FMTSH4388,T-shirt: Crew,1799,AW,REGULAR,HS,Young Graphic,,GREY,100% Cotton,176,425,0.41411764705882353,AVERAGE
FMTSH4389,T-shirt: Crew,1299,AW,RELAXED- OVERSIZE,HS,Young Graphic,,YELLOW,100% Cotton,312,443,0.7042889390519187,BEST SELLER
FMTSH4390,T-shirt: Crew,1299,AW,RELAXED- OVERSIZE,HS,Young Graphic,,BLACK,100% Cotton,347,542,0.6402214022140221,BEST SELLER
FMTSH4391,T-shirt: Crew,1299,AW,RELAXED- OVERSIZE,HS,Young Graphic,,WHITE,100% Cotton,468,651,0.7188940092165899,BEST SELLER
FMTSH4392,T-shirt: Crew,1299,AW,RELAXED- OVERSIZE,HS,Young Graphic,,PINK,100% Cotton,263,534,0.49250936329588013,AVERAGE +
FMTSH4393,T-shirt: Crew,1499,AW,RELAXED- OVERSIZE,HS,Young Graphic,,BLUE,100% Cotton,161,242,0.6652892561983471,BEST SELLER
FMTSH4395,T-shirt: Crew,1799,AW,RELAXED- OVERSIZE,HS,Young Graphic,,WHITE,100% Cotton,448,535,0.8373831775700935,BEST SELLER
FMTSH4396,T-shirt: Crew,1799,AW,RELAXED- OVERSIZE,HS,Young Graphic,,BLACK,100% Cotton,488,566,0.8621908127208481,BEST SELLER
FMTSH4398,T-shirt: Crew,1299,AW,REGULAR,HS,Young Graphic,,YELLOW,100% Cotton,140,542,0.25830258302583026,POOR SELLER
FMTSH4399,T-shirt: Crew,1299,AW,REGULAR,HS,Young Graphic,,OFF WHITE,100% Cotton,345,602,0.5730897009966778,BEST SELLER
FMTSH4401,T-shirt: Crew,1499,AW,REGULAR,HS,AOP,,OLIVE,100% Cotton,98,503,0.19483101391650098,POOR SELLER
FMTSH4402,T-shirt: Crew,1499,AW,REGULAR,HS,AOP,,BROWN,100% Cotton,110,525,0.20952380952380953,POOR SELLER
FMTSH4408,T-shirt: Crew,1999,AW,RELAXED- OVERSIZE,HS,Washed,,BLACK,100% Cotton,176,256,0.6875,BEST SELLER
FMTSH4411,T-shirt: Crew,1499,AW,REGULAR,HS,Color block,,OFF WHITE,100% Cotton,196,345,0.5681159420289855,BEST SELLER
FMTSH4419,T-shirt: Crew,1499,AW,REGULAR,HS,Seasonal Graphic,,PINK,95% Cotton 5% Lycra,201,314,0.6401273885350318,BEST SELLER
FMTSH4421,T-shirt: Crew,1499,AW,REGULAR,HS,Seasonal Graphic,,BLACK,95% Cotton 5% Lycra,201,338,0.5946745562130178,BEST SELLER
FMTSH4449,T-shirt: Crew,1499,AW,REGULAR,HS,Washed,,BLACK,100% Cotton,99,333,0.2972972972972973,POOR SELLER
FMTSH4451,T-shirt: Crew,1499,AW,REGULAR,HS,Washed,,INDIGO,100% Cotton,181,474,0.3818565400843882,POOR SELLER
FMTSH4455,T-shirt: Crew,1799,AW,REGULAR,HS,Washed,,INDIGO,100% Cotton,94,361,0.26038781163434904,POOR SELLER
FMTSH4463,T-shirt: Crew,1499,AW,REGULAR,HS,Washed,,RED,100% Cotton,90,359,0.25069637883008355,POOR SELLER
FMTSH4486,T-shirt: Crew,999,AW,REGULAR,HS,AOP,,TEAL,100% Cotton,104,352,0.29545454545454547,POOR SELLER
FMTSH4487,T-shirt: Crew,999,AW,REGULAR,HS,AOP,,RED,100% Cotton,122,343,0.3556851311953353,POOR SELLER
FMTSH4489,T-shirt: Crew,1299,AW,REGULAR,HS,AOP,,GREEN,100% Cotton,37,134,0.27611940298507465,POOR SELLER
FMTSH4490,T-shirt: Crew,1299,AW,REGULAR,HS,AOP,,GREY,100% Cotton,264,501,0.5269461077844312,BEST SELLER
FMTSH4356,T-shirt: Crew,999,AW,REGULAR,HS,Brand Carrier,,NAVY,100% Cotton,258,453,0.5695364238410596,BEST SELLER
FMTSH4497,T-shirt: Crew,999,AW,REGULAR,HS,Brand Carrier,,BLACK,100% Cotton,413,692,0.596820809248555,BEST SELLER
FMTSH4503,T-shirt: Crew,1799,AW,RELAXED- OVERSIZE,HS,Brand Carrier,,BLACK,100% Cotton,412,678,0.6076696165191741,BEST SELLER
FMTSH4234,T-shirt: Crew,1499,AW,REGULAR,HS,Brand Carrier,,BLACK,93% Cotton 7% Lycra,300,465,0.6451612903225806,BEST SELLER
FMTSH4348,T-shirt: Crew,799,AW,REGULAR,HS,Brand Carrier,,BROWN,60% Cotton 40% Polyester,303,485,0.6247422680412371,BEST SELLER
FMTSH4502,T-shirt: Crew,1799,AW,RELAXED- OVERSIZE,HS,Young Graphic,,BLACK,100% Cotton,289,547,0.5283363802559415,BEST SELLER
FMTSH4235,T-shirt: Crew,1499,AW,REGULAR,HS,Brand Carrier,,PURPLE,93% Cotton 7% Lycra,203,253,0.8023715415019763,BEST SELLER
FMTSH4506,T-shirt: Crew,799,AW,REGULAR,HS,AOP,,NAVY,60% Cotton 40% Polyester,397,705,0.5631205673758866,BEST SELLER
FMTSH4508,T-shirt: Crew,799,AW,REGULAR,HS,AOP,,WHITE,60% Cotton 40% Polyester,417,686,0.607871720116618,BEST SELLER
FMTSH4509,T-shirt: Crew,799,AW,REGULAR,HS,AOP,,YELLOW,60% Cotton 40% Polyester,243,503,0.4831013916500994,AVERAGE +
FMTSH5200,T-shirt: Crew,1799,AW,RELAXED- OVERSIZE,HS,Young Graphic,,OFF WHITE,100% Cotton,118,221,0.5339366515837104,BEST SELLER
FMTSH5201,T-shirt: Crew,1799,AW,RELAXED- OVERSIZE,HS,Young Graphic,,MUSTARD,100% Cotton,92,172,0.5348837209302325,BEST SELLER
FMTSH5202,T-shirt: Crew,1799,AW,RELAXED- OVERSIZE,HS,Young Graphic,,OFF WHITE,100% Cotton,97,187,0.5187165775401069,BEST SELLER
FMTSH5203,T-shirt: Crew,1799,AW,RELAXED- OVERSIZE,HS,Young Graphic,,GREEN,100% Cotton,121,210,0.5761904761904761,BEST SELLER
FMTSH5204,T-shirt: Crew,1799,AW,RELAXED- OVERSIZE,HS,Young Graphic,,BLACK,100% Cotton,62,96,0.6458333333333334,BEST SELLER
FMTSH5205,T-shirt: Crew,1799,AW,RELAXED- OVERSIZE,HS,Young Graphic,,OFF WHITE,100% Cotton,45,99,0.45454545454545453,AVERAGE +
FMTSH5208,T-shirt: Crew,1799,AW,RELAXED- OVERSIZE,HS,Young Graphic,,OFF WHITE,100% Cotton,105,249,0.42168674698795183,AVERAGE
FMTSH5209,T-shirt: Crew,1799,AW,RELAXED- OVERSIZE,HS,Young Graphic,,MUSTARD,100% Cotton,95,213,0.4460093896713615,AVERAGE +
FMTSH5210,T-shirt: Crew,1799,AW,RELAXED- OVERSIZE,HS,AOP,,BLACK,100% Cotton,29,99,0.29292929292929293,POOR SELLER
FMSHT1113,Shirts,1499,AW,RELAX,HS,AOP,,OFF WHITE,100% Viscose,285,472,0.6038135593220338,BEST SELLER
FMSHT1489,Shirts,1799,AW,SLIM,FS,Checks,,OLIVE,100% Cotton,176,451,0.3902439024390244,AVERAGE
FMSHT1758,Shirts,1999,AW,SLIM,FS,Checks,,BLUE,100% COTTON,127,352,0.36079545454545453,POOR SELLER
FMSHT1192,Shirts,2299,AW,SLIM,FS,Vertical Stripes,,INDIGO,100% Cotton,265,475,0.5578947368421052,BEST SELLER
FMSHT1256,Shirts,2999,AW,SLIM,FS,Checks,,BLACK,Sulphar Linen,194,578,0.3356401384083045,POOR SELLER
FMSHT1206,Shirts,2499,AW,SLIM,FS,Graphic,,INDIGO,100% Cotton,507,866,0.5854503464203233,BEST SELLER
FMSHT1940,Shirts,2799,AW,SLIM,FS,Washed,,INDIGO,100% COTTON,263,435,0.6045977011494252,BEST SELLER
FMSHT1214,Shirts,2799,AW,SLIM,FS,Washed,,BLACK,100% Cotton,96,137,0.7007299270072993,BEST SELLER
FMSHT1218,Shirts,2799,AW,SLIM,FS,Solid,,BLACK,75% Tencel 25 % Cotton,195,529,0.3686200378071834,POOR SELLER
FMSHT1220,Shirts,2799,AW,SLIM,FS,Solid,,BLUE,75% Tencel 25 % Cotton,196,586,0.33447098976109213,POOR SELLER
FMSHT1222,Shirts,2799,AW,SLIM,FS,Solid,,GREY,75% Tencel 25 % Cotton,383,891,0.4298540965207632,AVERAGE
FMSHT1223,Shirts,2999,AW,SLIM,FS,Graphic,,BLACK,100% Cotton,494,650,0.76,BEST SELLER
FMSHT1232,Shirts,1499,AW,SLIM,HS,AOP,,GREEN,100% Cotton,162,242,0.6694214876033058,BEST SELLER
FMSHT1253,Shirts,2999,AW,SLIM,FS,Vertical Stripes,,NAVY,Indigo Linen,199,559,0.3559928443649374,POOR SELLER
FMSHT1924,Shirts,2799,AW,SLIM,FS,Checks,,NAVY,100% COTTON,308,944,0.326271186440678,POOR SELLER
FMSHT1765,Shirts,1999,AW,SLIM,FS,Checks,,BLUE,100% COTTON,390,1215,0.32098765432098764,POOR SELLER
FMSHT1859,Shirts,2499,AW,SLIM,FS,Checks,,NAVY,100% COTTON,328,977,0.33572159672466734,POOR SELLER
FMSHT1264,Shirts,1999,AW,SLIM,FS,Vertical Stripes,,GREY,100% Cotton,280,476,0.5882352941176471,BEST SELLER
FMSHT1450,Shirts,1599,AW,SLIM,FS,Vertical Stripes,,BLUE,100% Cotton,445,857,0.5192532088681447,BEST SELLER
FMSHT1488,Shirts,1799,AW,SLIM,FS,Checks,,BROWN,100% Cotton,245,598,0.4096989966555184,AVERAGE
FMSHT1863,Shirts,2499,AW,SLIM,FS,Checks,,NAVY,100% COTTON,359,768,0.4674479166666667,AVERAGE +
FMSHT1255,Shirts,2999,AW,SLIM,FS,Checks,,INDIGO,Indigo Linen,502,955,0.5256544502617801,BEST SELLER
FMSHT1572,Shirts,2199,AW,SLIM,FS,Solid,,WHITE,100% Cotton,94,330,0.28484848484848485,POOR SELLER
FMSHT1261,Shirts,2299,AW,SLIM,FS,Checks,,BROWN,100% Cotton,160,241,0.6639004149377593,BEST SELLER
FMSHT1866,Shirts,2299,AW,SLIM,FS,Checks,,NAVY,100% COTTON,195,449,0.43429844097995546,AVERAGE +
FMSHT1919,Shirts,2799,AW,SHACKET,FS,Checks,,OFF WHITE,100% COTTON,131,449,0.29175946547884185,POOR SELLER
FMSHT1610,Shirts,2499,AW,SLIM,FS,AOP,,BROWN,100% Cotton,36,129,0.27906976744186046,POOR SELLER
FMSHT1611,Shirts,2499,AW,SLIM,FS,AOP,,BLACK,100% Cotton,37,143,0.25874125874125875,POOR SELLER
FMSHT1615,Shirts,2499,AW,SLIM,FS,AOP,,BROWN,100% Cotton,67,142,0.47183098591549294,AVERAGE +
FMSHT1616,Shirts,2499,AW,SLIM,FS,AOP,,BLACK,100% Cotton,32,111,0.2882882882882883,POOR SELLER
FMSHT1617,Shirts,2499,AW,SLIM,FS,AOP,,BLACK,100% Cotton,47,120,0.39166666666666666,AVERAGE
FMSHT1714,Shirts,1599,AW,RELAX,HS,AOP,,MULTI,100% Viscose,397,528,0.7518939393939394,BEST SELLER
FMSHT1749,Shirts,1599,AW,RELAX,HS,AOP,,WHITE,100% Viscose,434,532,0.8157894736842105,BEST SELLER
FMSHT1748,Shirts,1599,AW,RELAX,HS,AOP,,BLACK,100% Viscose,318,498,0.6385542168674698,BEST SELLER
FMSHT1704,Shirts,1599,AW,RELAX,HS,AOP,,BLACK,100% Viscose,217,497,0.43661971830985913,AVERAGE +
FMSHT1703,Shirts,1599,AW,RELAX,HS,AOP,,GREEN,100% Viscose,385,649,0.5932203389830508,BEST SELLER
FMSHT1708,Shirts,1599,AW,RELAX,HS,AOP,,BLACK & WHITE,65% Cotton 35% Viscose,238,491,0.4847250509164969,BEST SELLER
FMSHT1706,Shirts,1599,AW,RELAX,HS,AOP,,BLACK & WHITE,65% Cotton 35% Viscose,164,375,0.43733333333333335,AVERAGE +
FMSHT1710,Shirts,1599,AW,RELAX,HS,AOP,,MULTI,65% Cotton 35% Viscose,652,750,0.8693333333333333,BEST SELLER
FMSHT1723,Shirts,1799,AW,SLIM,FS,AOP,,WHITE,100% COTTON,479,479,1,BEST SELLER
FMSHT1724,Shirts,1799,AW,SLIM,FS,AOP,,NAVY,100% COTTON,322,614,0.5244299674267101,BEST SELLER
FMSHT1725,Shirts,1999,AW,SLIM,FS,AOP,,GREEN, 58% COTTON 42% MODAL,271,487,0.5564681724845996,BEST SELLER
FMSHT1726,Shirts,1999,AW,SLIM,FS,AOP,,PINK, 58% COTTON 42% MODAL,202,476,0.42436974789915966,AVERAGE
FMSHT1727,Shirts,1999,AW,SLIM,FS,AOP,,GREEN, 58% COTTON 42% MODAL,131,210,0.6238095238095238,BEST SELLER
FMSHT1731,Shirts,1799,AW,SLIM,FS,AOP,,WHITE,100% COTTON,296,781,0.37900128040973113,POOR SELLER
FMSHT1736,Shirts,1799,AW,SLIM,FS,Solid,,WHITE,100% COTTON,560,560,1,BEST SELLER
FMSHT1733,Shirts,1799,AW,SLIM,FS,Solid,,BLUE,100% COTTON,447,846,0.5283687943262412,BEST SELLER
FMSHT2010,Shirts,1799,AW,SLIM,FS,Solid,,BROWN,100% Cotton,424,424,1,BEST SELLER
FMSHT1738,Shirts,1799,AW,SLIM,FS,Solid,,BLACK,100% COTTON,399,399,1,BEST SELLER
FMSHT1707,Shirts,1599,AW,RELAX,HS,AOP,,PINK,65% Cotton 35% Viscose,558,594,0.9393939393939394,BEST SELLER
FMSHT2058,Shirts,1599,AW,SLIM,HS,AOP,,WHITE,100% COTTON,583,705,0.826950354609929,BEST SELLER
FMSHT1750,Shirts,1799,AW,SLIM,HS,Solid,,BEIGE,72% Cotton 28% Linen,396,714,0.5546218487394958,BEST SELLER
FMSHT1752,Shirts,1799,AW,SLIM,HS,Solid,,MUSTARD,72% Cotton 28% Linen,144,316,0.45569620253164556,AVERAGE +
FMSHT1753,Shirts,1799,AW,SLIM,HS,Solid,,RED,72% Cotton 28% Linen,138,299,0.46153846153846156,AVERAGE +
FMSHT1754,Shirts,1799,AW,SLIM,HS,Solid,,GREEN,72% Cotton 28% Linen,487,707,0.6888260254596889,BEST SELLER
FMSHT1757,Shirts,1999,AW,SLIM,FS,Checks,,GREEN,100% COTTON,169,420,0.4023809523809524,AVERAGE
FMSHT1952,Shirts,2999,AW,SHACKET,FS,Checks,,OFF WHITE,100% COTTON,321,321,1,BEST SELLER
FMSHT1485,Shirts,1799,AW,SLIM,FS,Checks,,OLIVE,100% Cotton,413,882,0.46825396825396826,AVERAGE +
FMSHT1921,Shirts,2799,AW,SHACKET,FS,Checks,,GREEN,100% COTTON,207,380,0.5447368421052632,BEST SELLER
FMSHT1764,Shirts,1999,AW,RELAX,FS,Checks,,MULTI,100% COTTON,374,767,0.4876140808344198,BEST SELLER
FMSHT1767,Shirts,1999,AW,SLIM,FS,Solid,,NAVY,100% COTTON,132,266,0.49624060150375937,BEST SELLER
FMSHT1769,Shirts,1999,AW,SLIM,FS,Solid,,MUSTARD,100% COTTON,282,480,0.5875,BEST SELLER
FMSHT1771,Shirts,1999,AW,SLIM,FS,Solid,,WHITE,100% COTTON,219,465,0.47096774193548385,AVERAGE +
FMSHT2002,Shirts,1799,AW,SLIM,FS,Solid,,BLUE,100% Cotton,342,488,0.7008196721311475,BEST SELLER
FMSHT1781,Shirts,2299,AW,SLIM,FS,Solid,,WHITE,65%Cotton 29% Nylon 6% Spandex ,63,535,0.11775700934579439,POOR SELLER
FMSHT1782,Shirts,1799,AW,SLIM,HS,AOP,,WHITE,72% Cotton 28% Linen,513,726,0.7066115702479339,BEST SELLER
FMSHT1783,Shirts,1799,AW,SLIM,HS,AOP,,GREEN,72% Cotton 28% Linen,247,326,0.7576687116564417,BEST SELLER
FMSHT1784,Shirts,1799,AW,SLIM,HS,AOP,,YELLOW,72% Cotton 28% Linen,372,671,0.5543964232488823,BEST SELLER
FMSHT1785,Shirts,1999,AW,SLIM,FS,Solid,,WHITE,72% Cotton 28% Linen,423,823,0.5139732685297691,BEST SELLER
FMSHT1786,Shirts,1999,AW,SLIM,FS,Solid,,MUSTARD,72% Cotton 28% Linen,272,528,0.5151515151515151,BEST SELLER
FMSHT1789,Shirts,1999,AW,SLIM,FS,Solid,,BLACK,72% Cotton 28% Linen,274,566,0.4840989399293286,BEST SELLER
FMSHT1790,Shirts,2499,AW,SLIM,FS,AOP,,WHITE,100% COTTON,273,698,0.39111747851002865,AVERAGE
FMSHT1791,Shirts,2499,AW,SLIM,FS,AOP,,WHITE,100% COTTON,206,685,0.3007299270072993,POOR SELLER
FMSHT1792,Shirts,2499,AW,SLIM,FS,AOP,,PINK,100% COTTON,148,330,0.4484848484848485,AVERAGE +
FMSHT1793,Shirts,1999,AW,SLIM,FS,AOP,,WHITE,50% COTTON 50% MODAL,232,698,0.332378223495702,POOR SELLER
FMSHT1799,Shirts,2299,AW,SLIM,FS,Checks,,PINK,89%cotton11%polyester,152,653,0.2327718223583461,POOR SELLER
FMSHT1756,Shirts,1999,AW,SLIM,FS,Checks,,RUST,100% COTTON,204,521,0.3915547024952015,AVERAGE
FMSHT1869,Shirts,2499,AW,SLIM,FS,Checks,,NAVY,100% COTTON,133,707,0.18811881188118812,POOR SELLER
FMSHT1807,Shirts,2299,AW,SLIM,FS,Solid,,WHITE,100% COTTON,328,1107,0.2962962962962963,POOR SELLER
FMSHT1808,Shirts,2299,AW,SLIM,FS,Solid,,BLACK,100% COTTON,135,699,0.19313304721030042,POOR SELLER
FMSHT1815,Shirts,1999,AW,SLIM,FS,AOP,,WHITE,100% COTTON,165,679,0.24300441826215022,POOR SELLER
FMSHT1817,Shirts,1999,AW,SLIM,FS,AOP,,BEIGE,100% COTTON,85,517,0.1644100580270793,POOR SELLER
FMSHT1819,Shirts,1999,AW,SLIM,FS,AOP,,PINK,100% COTTON,48,451,0.10643015521064302,POOR SELLER
FMSHT1820,Shirts,1999,AW,SLIM,FS,AOP,,WHITE,100% COTTON,215,468,0.4594017094017094,AVERAGE +
FMSHT1821,Shirts,1999,AW,SLIM,FS,AOP,,PINK,100% COTTON,320,700,0.45714285714285713,AVERAGE +
FMSHT1822,Shirts,1999,AW,SLIM,FS,AOP,,AQUA,100% COTTON,354,718,0.49303621169916434,BEST SELLER
FMSHT1824,Shirts,2299,AW,SLIM,FS,Solid,,TEAL,100% COTTON,289,664,0.4352409638554217,AVERAGE +
FMSHT1825,Shirts,2299,AW,SLIM,FS,Solid,,GREEN,100% COTTON,260,620,0.41935483870967744,AVERAGE
FMSHT1827,Shirts,2299,AW,SLIM,FS,Solid,,WHITE,100% COTTON,428,428,1,BEST SELLER
FMSHT1828,Shirts,2299,AW,SLIM,FS,Solid,,BROWN,100% COTTON,141,565,0.24955752212389382,POOR SELLER
FMSHT1829,Shirts,2299,AW,SLIM,FS,Solid,,GREY,100% COTTON,374,713,0.5245441795231417,BEST SELLER
FMSHT1849,Shirts,1999,AW,SLIM,FS,Solid,,GREEN,100% Cotton,177,492,0.3597560975609756,POOR SELLER
FMSHT1850,Shirts,1999,AW,SLIM,FS,Solid,,BLACK,100% Cotton,206,456,0.4517543859649123,AVERAGE +
FMSHT1841,Shirts,2299,AW,SLIM,FS,Solid,,WINE,100% COTTON,249,523,0.47609942638623326,AVERAGE +
FMSHT1930,Shirts,2799,AW,SLIM,FS,Checks,,OLIVE,100% COTTON,56,244,0.22950819672131148,POOR SELLER
FMSHT1846,Shirts,2299,AW,SLIM,FS,Vertical Stripes,,NAVY,71%Cotton 25% Nylon 4% Spandex ,94,450,0.2088888888888889,POOR SELLER
FMSHT1836,Shirts,1999,AW,SLIM,FS,Solid,,RED,100% Cotton,361,598,0.6036789297658863,BEST SELLER
FMSHT1831,Shirts,1999,AW,SLIM,FS,Solid,,GREEN,100% Cotton,274,470,0.5829787234042553,BEST SELLER
FMSHT1852,Shirts,2299,AW,SLIM,FS,AOP,,NAVY,50% COTTON 50% MODAL,92,362,0.2541436464088398,POOR SELLER
FMSHT1204,Shirts,2499,AW,SLIM,FS,Checks,,BLUE,100% Cotton,103,303,0.33993399339933994,POOR SELLER
FMSHT1606,Shirts,2499,AW,SLIM,FS,Checks,,RED,Cotton Lyocell,160,348,0.45977011494252873,AVERAGE +
FMSHT1923,Shirts,2799,AW,SLIM,FS,Checks,,NAVY,100% COTTON,355,716,0.4958100558659218,BEST SELLER
FMSHT1186,Shirts,2299,AW,SLIM,FS,Checks,,GREEN,100% Cotton,383,543,0.7053406998158379,BEST SELLER
FMSHT1795,Shirts,2299,AW,SLIM,FS,Checks,,OLIVE,82%cotton 18%polyester,114,311,0.3665594855305466,POOR SELLER
FMSHT1803,Shirts,2299,AW,SLIM,FS,Checks,,BROWN,100% COTTON,307,643,0.4774494556765163,AVERAGE +
FMSHT1858,Shirts,2499,AW,SLIM,FS,Checks,,NAVY,100% COTTON,0,0,0,
FMSHT1864,Shirts,2299,AW,SLIM,FS,Checks,,GREEN,100% COTTON,203,571,0.3555166374781086,POOR SELLER
FMSHT1874,Shirts,2499,AW,SLIM,FS,AOP,,NAVY,100% COTTON,69,382,0.1806282722513089,POOR SELLER
FMSHT1875,Shirts,2499,AW,SLIM,FS,AOP,,BLACK,100% COTTON,90,390,0.23076923076923078,POOR SELLER
FMSHT1876,Shirts,2499,AW,SLIM,FS,AOP,,TEAL,100% COTTON,60,270,0.2222222222222222,POOR SELLER
FMSHT1877,Shirts,2499,AW,SLIM,FS,AOP,,BLACK,100% COTTON,51,358,0.1424581005586592,POOR SELLER
FMSHT1878,Shirts,2499,AW,SLIM,FS,AOP,,WHITE,100% COTTON,234,670,0.3492537313432836,POOR SELLER
FMSHT1879,Shirts,2499,AW,SLIM,FS,AOP,,TEAL,100% COTTON,285,842,0.33847980997624705,POOR SELLER
FMSHT1892,Shirts,2499,AW,SLIM,FS,AOP,,BROWN,100% COTTON,80,434,0.18433179723502305,POOR SELLER
FMSHT1893,Shirts,2499,AW,SLIM,FS,AOP,,NAVY,100% COTTON,49,369,0.13279132791327913,POOR SELLER
FMSHT1894,Shirts,2499,AW,SLIM,FS,AOP,,GREY,100% COTTON,169,572,0.29545454545454547,POOR SELLER
FMSHT1895,Shirts,2499,AW,SLIM,FS,AOP,,RED,100% COTTON,104,346,0.30057803468208094,POOR SELLER
FMSHT1904,Shirts,2499,AW,SLIM,FS,Vertical Stripes,,BLACK,100% COTTON,106,294,0.36054421768707484,POOR SELLER
FMSHT1906,Shirts,2499,AW,SLIM,FS,Vertical Stripes,,WHITE,100% COTTON,297,489,0.6073619631901841,BEST SELLER
FMSHT1907,Shirts,2499,AW,SLIM,FS,Vertical Stripes,,TEAL,100% COTTON,132,403,0.32754342431761785,POOR SELLER
FMSHT1908,Shirts,2499,AW,SLIM,FS,Vertical Stripes,,WINE,100% COTTON,113,330,0.3424242424242424,POOR SELLER
FMSHT1909,Shirts,2499,AW,SLIM,FS,Vertical Stripes,,NAVY,100% COTTON,142,304,0.46710526315789475,AVERAGE +
FMSHT1916,Shirts,2499,AW,SLIM,FS,AOP,,NAVY,98% COTTON 2% SPX,32,88,0.36363636363636365,
FMSHT1607,Shirts,2499,AW,SLIM,FS,Checks,,GREEN,Cotton Lyocell,4,52,0.07692307692307693,
FMSHT1605,Shirts,2499,AW,SLIM,FS,Checks,,BLUE,100% Cotton,250,398,0.628140703517588,BEST SELLER
FMSHT2011,Shirts,1799,AW,SLIM,FS,Solid,,LAVENDAR,100% Cotton,322,824,0.3907766990291262,AVERAGE
FMSHT1188,Shirts,2299,AW,SLIM,FS,Checks,,NAVY,100% Cotton,189,497,0.38028169014084506,POOR SELLER
FMSHT1857,Shirts,2299,AW,SLIM,FS,Checks,,NAVY,100% COTTON,444,662,0.6706948640483383,BEST SELLER
FMSHT1842,Shirts,2299,AW,SLIM,FS,Checks,,NAVY,71%Cotton 25% Nylon 4% Spandex ,144,309,0.46601941747572817,AVERAGE +
FMSHT1934,Shirts,2799,AW,SLIM,FS,Solid,,BLACK,100% COTTON,162,622,0.2604501607717042,POOR SELLER
FMSHT1935,Shirts,2799,AW,SLIM,FS,Solid,,WHITE,100% COTTON,92,899,0.10233592880978866,POOR SELLER
FMSHT1936,Shirts,2799,AW,SLIM,FS,Solid,,AQUA,100% COTTON,147,444,0.3310810810810811,POOR SELLER
FMSHT1996,Shirts,2799,AW,SLIM,FS,Washed,,INDIGO,100% COTTON,284,602,0.4717607973421927,AVERAGE +
FMSHT1946,Shirts,2799,AW,SHACKET,FS,Solid,,GREEN,100% COTTON,131,262,0.5,BEST SELLER
FMSHT1947,Shirts,2799,AW,SHACKET,FS,Solid,,WHITE,100% COTTON,0,0,0,
FMSHT2063,Shirts,1999,AW,SLIM,FS,Checks,,BEIGE,100% COTTON,261,374,0.6978609625668449,BEST SELLER
FMSHT1918,Shirts,2799,AW,SHACKET,FS,Checks,,GREY,100% COTTON,0,0,0,
FMSHT1217,Shirts,2799,AW,SLIM,FS,Washed,,WINE,100% Cotton,68,162,0.41975308641975306,AVERAGE
FMSHT1995,Shirts,2799,AW,SLIM,FS,Washed,,BLACK,100% COTTON,64,327,0.19571865443425077,POOR SELLER
FMSHT2014,Shirts,2499,AW,SLIM,FS,Washed,,NAVY,100% Cotton,0,0,0,
FMSHT1778,Shirts,1999,AW,SLIM,FS,AOP,,BEIGE,100% COTTON,258,846,0.3049645390070922,POOR SELLER
FMSHT1734,Shirts,1799,AW,SLIM,FS,Solid,,PINK,100% COTTON,194,499,0.38877755511022044,AVERAGE
FMSHT2021,Shirts,2299,AW,SLIM,FS,Solid,,PINK,100% COTTON,576,890,0.647191011235955,BEST SELLER
FMSHT2022,Shirts,2299,AW,SLIM,FS,Solid,,BLACK,100% COTTON,439,728,0.603021978021978,BEST SELLER
FMSHT2035,Shirts,2199,AW,SLIM,FS,Solid,,OLIVE,100% Cotton,72,159,0.4528301886792453,AVERAGE +
FMSHT2036,Shirts,2199,AW,SLIM,FS,Solid,,AQUA,100% Cotton,56,106,0.5283018867924528,BEST SELLER
FMSHT2037,Shirts,2199,AW,SLIM,FS,Solid,,PINK,100% Cotton,71,138,0.5144927536231884,BEST SELLER
FMSHT2038,Shirts,2199,AW,SLIM,FS,Solid,,PURPLE,100% Cotton,80,177,0.4519774011299435,AVERAGE +
FMSHT2044,Shirts,1499,AW,SLIM,HS,Solid,,WHITE,50% COTTON 17% LINEN 33% EXCEL,365,872,0.41857798165137616,AVERAGE
FMSHT2053,Shirts,1599,AW,RELAX,HS,Vertical Stripes,,MULTI,65% Cotton 35% Viscose,138,326,0.4233128834355828,AVERAGE
FMSHT2054,Shirts,1599,AW,RELAX,HS,Vertical Stripes,,MULTI,65% Cotton 35% Viscose,194,344,0.563953488372093,BEST SELLER
FMSHT2055,Shirts,1599,AW,RELAX,HS,Vertical Stripes,,BLACK,65% Cotton 35% Viscose,55,292,0.18835616438356165,POOR SELLER
FMSHT2059,Shirts,1599,AW,SLIM,HS,AOP,,GREY,100% COTTON,118,332,0.35542168674698793,POOR SELLER
FMSHT2057,Shirts,1599,AW,SLIM,FS,AOP,,GREEN,100% COTTON,133,315,0.4222222222222222,AVERAGE
FMSHT2056,Shirts,1599,AW,SLIM,HS,AOP,,WHITE,100% COTTON,164,349,0.4699140401146132,AVERAGE +
FMSHT1712,Shirts,1599,AW,RELAX,HS,AOP,,AQUA,65% Cotton 35% Viscose,156,307,0.50814332247557,BEST SELLER
FMSHTCR0004,Shirts,1799,AW,SLIM,FS,Solid,,WINE,100% Cotton,99,175,0.5657142857142857,BEST SELLER
FMSHTCR0001,Shirts,1799,AW,SLIM,FS,Solid,,WHITE,72% Cotton 28% Linen,79,210,0.3761904761904762,POOR SELLER
FMSHTCR0006,Shirts,1799,AW,SLIM,FS,Solid,,OLIVE,72% Cotton 28% Linen,79,152,0.5197368421052632,BEST SELLER
FMSHTCR0023,Shirts,1799,AW,SLIM,FS,Solid,,PINK,72% Cotton 28% Linen,64,165,0.3878787878787879,AVERAGE
FMSHTCR0003,Shirts,1799,AW,SLIM,FS,Solid,,NAVY,72% Cotton 28% Linen,55,169,0.3254437869822485,POOR SELLER
FMSHTCR0002,Shirts,1799,AW,SLIM,FS,Solid,,BLACK,72% Cotton 28% Linen,50,176,0.2840909090909091,POOR SELLER
FMJEN0640,Jeans,3499,AW,MORRISON : Skinny Cropped,,Black,Black,BLACK,CO 93.43 PES 5.25 EL 1.32,244,589,0.4142614601018676,AVERAGE
FMJEN0642,Jeans,3999,AW,MORRISON : Skinny Cropped,,Mid Wash,Mid Wash,MID WASH,CO 93.43 PES 5.25 EL 1.32,94,324,0.29012345679012347,POOR SELLER
FMJEN0645,Jeans,3499,AW,MORRISON : Skinny Cropped,,Grey,Grey,GREY,CO 83.27 PES 15.49 EL 1.24,291,572,0.5087412587412588,BEST SELLER
FMJEN0645N,Jeans,3499,AW,SLASH : Slim Tapered,,Grey,Grey,GREY,CO 83.27 PES 15.49 EL 1.24,196,371,0.5283018867924528,BEST SELLER
FMJEN0647,Jeans,3999,AW,MORRISON : Skinny Cropped,,Blue Black,Dark Wash,BLUE BLACK,CO 93.43 PES 5.25 EL 1.32,218,526,0.4144486692015209,AVERAGE
FMJEN0647N,Jeans,3999,AW,SLASH : Slim Tapered,,Blue Black,Dark Wash,BLUE BLACK,CO 93.43 PES 5.25 EL 1.32,170,386,0.44041450777202074,AVERAGE
FMJEN0658NS,Jeans,2499,AW,SLASH : Slim Tapered,,Grey,Washed Black,GREY,69% cotton +29.5 poly +1.55 lycra,348,756,0.4603174603174603,AVERAGE +
FMJEN0661D,Jeans,2999,AW,MANKLE : Relaxed Tapered + Crop,,Mid Wash,Mid Wash,MID WASH,98%  Cotton 2% Elastane,356,668,0.5329341317365269,BEST SELLER
FMJEN0664,Jeans,3499,AW,FREDDIE/PRINCE : Slim Straight,,Grey,Grey,GREY,99%COTTON+1% ELASTANE,230,704,0.32670454545454547,POOR SELLER
FMJEN0691A,Jeans,2999,AW,MANKLE : Relaxed Tapered + Crop,,Grey,Grey,GREY,69%COTTON+30%POLYESTER+1%ELASTANE,218,468,0.4658119658119658,AVERAGE +
FMJEN0693D,Jeans,3499,AW,MANKLE : Relaxed Tapered + Crop,,Mid Wash,Mid Wash,DARK WASH,CO 98.82 EL 1.18,436,994,0.4386317907444668,AVERAGE
FMJEN0698,Jeans,3499,AW,SLASH : Slim Tapered,,Dark Wash,Dark Wash,DARK WASH,"69% COTTON,23% CV,6% PES,2% ELA",300,686,0.43731778425655976,AVERAGE
FMJEN0699N,Jeans,3499,AW,SLASH : Slim Tapered,,Light Wash,Light Wash,LIGHT WASH,72.7%COTTON 15%POLYESTER 10.8%TENCEL 1.5%ELASTANE,394,958,0.4112734864300626,AVERAGE
FMJEN0705A,Jeans,3999,AW,SLASH : Slim Tapered,,Blue Black,Dark Wash,BLUE BLACK,60% COTTON+24% POLYESTER+10%VISCOSE+6%ELASTANE,389,745,0.5221476510067115,BEST SELLER
FMJEN0705N,Jeans,3499,AW,MORRISON : Skinny Cropped,,Mid Wash,Mid Wash,MID WASH,60% COTTON 24% POLYESTER 10%VISCOSE 6%ELASTANE,402,767,0.5241199478487614,BEST SELLER
FMJEN0707A,Jeans,3499,AW,SLASH : Slim Tapered,,Blue Black,Dark Wash,BLUE BLACK,60% COTTON+24% POLYESTER+10%VISCOSE+6%ELASTANE,307,607,0.5057660626029654,BEST SELLER
FMJEN0709A,Jeans,3499,AW,SLASH : Slim Tapered,,Mid Wash,Mid Wash,MID WASH,"69% COTTON,23% CV,6% PES,2% ELA",721,1348,0.5348664688427299,BEST SELLER
FMJEN0712A,Jeans,3499,AW,SLASH : Slim Tapered,,Washed Black,Washed Black,WASHED BLACK,60%COTTON+24%POLYESTER+10%VISCOSE+6%ELASTANE,260,566,0.45936395759717313,AVERAGE +
FMJEN0713A,Jeans,3499,AW,SLASH : Slim Tapered,,Grey,Ice Grey,GREY,COTTON POLY VISCOSE LYCRA,311,578,0.5380622837370242,BEST SELLER
FMJEN0713N,Jeans,3499,AW,JACKSON : Skinny,,Grey,Ice Grey,GREY, 92%COTTON 6%PES 2%ELASTANE,278,534,0.5205992509363296,BEST SELLER
FMJEN0714,Jeans,2999,AW,SLASH : Slim Tapered,,Black,Black,BLACK,60%COTTON+24%POLYESTER+10%VISCOSE+6%ELASTANE,179,350,0.5114285714285715,BEST SELLER
FMJEN0714N,Jeans,2999,AW,MORRISON : Skinny Cropped,,Black,Black,BLACK,60%COTTON+24%POLYESTER+10%VISCOSE+6%ELASTANE,386,985,0.3918781725888325,POOR SELLER
FMJEN0716N,Jeans,2999,AW,MORRISON : Skinny Cropped,,Dark Wash,Dark Wash,DARK WASH,72.7%COTTON 15%POLYESTER 10.8%TENCEL 1.5%ELASTANE,499,499,1,BEST SELLER
FMJEN0717N,Jeans,2999,AW,JACKSON : Skinny,,Mid Wash,Mid Wash,MID WASH,72.7%COTTON 15%POLYESTER 10.8%TENCEL 1.5%ELASTANE,260,810,0.32098765432098764,POOR SELLER
FMJEN0734A,Jeans,2999,AW,BRUCE : Bootcut,,Blue Black,Dark Wash,BLUE BLACK,CO 83.07 PES 15.47 EL 1.47,116,256,0.453125,AVERAGE +
FMJEN0738D,Jeans,2999,AW,MANKLE : Relaxed Tapered + Crop,,Blue Black,Dark Wash,BLUE BLACK,CO 83.07 PES 15.47 EL 1.47,404,681,0.593245227606461,BEST SELLER
FMJEN0739A,Jeans,2999,AW,FREDDIE/PRINCE : Slim Straight,,Dark Wash,Dark Wash,DARK WASH,85% Cotton 13% Polyester 2% Elastane,321,595,0.5394957983193277,BEST SELLER
FMJEN0739AN,Jeans,2999,AW,JANGO : Relaxed Straight,,Mid Wash,Mid Wash,MID WASH,99% COTTON 1% ELASTANE,281,542,0.518450184501845,BEST SELLER
FMJEN0744D,Jeans,2999,AW,MANKLE : Relaxed Tapered + Crop,,Dark Wash,Dark Wash,DARK WASH,98%  Cotton 2% Elastane,231,414,0.5579710144927537,BEST SELLER
FMJEN0751N,Jeans,2999,AW,JACKSON : Skinny,,Light Wash,Light Wash,LIGHT WASH,"66% COTTON, 32% POLYESTER, 2% ELASTANE",148,288,0.5138888888888888,BEST SELLER
FMJEN0752A,Jeans,2799,AW,JANGO : Relaxed Straight,,Black,Black,BLACK,CT/EL:98.3/1.7,148,343,0.4314868804664723,AVERAGE
FMJEN0752B,Jeans,2999,AW,BRUCE : Bootcut,,Black,Black,BLACK,98.3%COTTON 1.7 %ELASTANE,157,344,0.4563953488372093,AVERAGE +
FMJEN0752D,Jeans,2799,AW,MANKLE : Relaxed Tapered + Crop,,Black,Black,BLACK,CT/EL:98.3/1.7,208,445,0.46741573033707867,AVERAGE +
FMJEN0752N,Jeans,2999,AW,MICHAEL : Slim Tapered,,Black,Black,BLACK,98.3%COTTON 1.7 %ELASTANE,373,1019,0.366045142296369,POOR SELLER
FMJEN0781N,Jeans,2999,AW,MICHAEL : Slim Tapered,,Black,Black,BLACK,72% COTTON 26% POLYESTER 2% SPANDEX,488,488,1,BEST SELLER
FMJEN0783AN,Jeans,3999,AW,JACKSON : Skinny,,Dark Wash,Dark Wash,DARK WASH,99% COTTON 1% ELASTANE,269,799,0.33667083854818525,POOR SELLER
FMJEN0784A,Jeans,3499,AW,SLASH : Slim Tapered,,Light Wash,Light Wash,LIGHT WASH,"65% COTTON,20 POLY,14 TENSIL,1% LYCRA",281,620,0.4532258064516129,AVERAGE +
FMJEN0786,Jeans,2999,AW,SLASH : Slim Tapered,,Rinse,Rinse,RINSE,"62% COTTON,22% POLY,13 LYOCELL,3 % SPANDEX",343,743,0.4616419919246299,AVERAGE +
FMJEN0786NS,Jeans,2999,AW,SLASH : Slim Tapered,,Rinse,Rinse,RINSE,69% COTTON 27% POLYESTER 2% VISCOSE 2% SPANDEX,539,539,1,BEST SELLER
FMJEN0787A,Jeans,3499,AW,SLASH : Slim Tapered,,Light Wash,Ice Blue,LIGHT WASH,83% cotton +15 poly + 2% Elastane,446,947,0.470960929250264,AVERAGE +
FMJEN0787AN,Jeans,3999,AW,SLASH : Slim Tapered,,Light Wash,Light Wash,LIGHT WASH,65% COTTON 20% POLYESTER 14% LYOCELL 1% LYCRA,464,845,0.5491124260355029,BEST SELLER
FMJEN0793A,Jeans,3499,AW,SLASH : Slim Tapered,,Dark Wash,Dark Wash,DARK WASH,57%TENCEL+20%POLYESTER+8%VISCOSE+13%COTTON+2%ELASTANE,648,1180,0.5491525423728814,BEST SELLER
FMJEN0813N,Jeans,2299,AW,MICHAEL : Slim Tapered,,Rinse,Rinse,RINSE,98.5%COTTON+1.5%SPANDEX,447,1125,0.3973333333333333,AVERAGE
FMJEN0817N,Jeans,1999,AW,MICHAEL : Slim Tapered,,Mid Wash,Mid Wash,MID WASH,99 %COTTON + 1%Spandex,529,890,0.5943820224719101,BEST SELLER
FMJEN0825B,Jeans,2999,AW,BRUCE : Bootcut,,Grey,Washed Black,GREY,69%COTTON/29.5%POLYESTER/1.5%ELASTANE,142,389,0.36503856041131105,POOR SELLER
FMJEN0826F,Jeans,2299,AW,FREDDIE/PRINCE : Slim Straight,,Washed Black,Washed Black,WASHED BLACK,75.5% Cotton + 23% Polyester + 1.5% Elastane,283,791,0.3577749683944374,POOR SELLER
FMJEN0830,Jeans,2399,AW,SLASH : Slim Tapered,,Blue Black,Dark Wash,BLUE BLACK,Cotton poly elastance,146,314,0.46496815286624205,AVERAGE +
FMJEN0830N,Jeans,2299,AW,MICHAEL : Slim Tapered,,Blue Black,Dark Wash,BLUE BLACK,93 %COTTON+6%RAYON + 1 %Spandex,711,1161,0.6124031007751938,BEST SELLER
FMJEN0833F,Jeans,1999,AW,FREDDIE/PRINCE : Slim Straight,,Mid Wash,Mid Wash,MID WASH,99 %COTTON + 1%Spandex,561,945,0.5936507936507937,BEST SELLER
FMJEN0835,Jeans,2399,AW,SLASH : Slim Tapered,,Mid Wash,Mid Wash,MID WASH,99% Cotton 1% Elastane  ,262,574,0.4564459930313589,AVERAGE +
FMJEN0837,Jeans,2599,AW,SLASH : Slim Tapered,,Black,Black,BLACK,CT/EL:98.3/1.7,337,737,0.45725915875169604,AVERAGE +
FMJEN0859N,Jeans,2299,AW,MANKLE : Relaxed Tapered + Crop,,Mid Wash,Mid Wash,MID WASH,99% COTTON 1% ELASTANE  ,330,853,0.38686987104337633,POOR SELLER
FMJEN0888N,Jeans,2999,AW,JACKSON : Skinny,,Dark Wash,Dark Wash,DARK WASH,99% COTTON 1% ELASTANE,205,517,0.3965183752417795,AVERAGE
FMJEN0895N,Jeans,2999,AW,JACKSON : Skinny,,Black,Black,BLACK,72% COTTON 26% POLYESTER 2% SPANDEX,386,857,0.45040840140023336,AVERAGE +
FMJEN0915N,Jeans,1999,AW,MICHAEL : Slim Tapered,,Light Wash,Light Wash,LIGHT WASH,98.5%COTTON+1.5% SPANDEX,402,823,0.488456865127582,AVERAGE +
FMJEN0916N,Jeans,2299,AW,SLASH : Slim Tapered,,Light Wash,Light Wash,LIGHT WASH,98.5%COTTON+1.5% SPANDEX,307,813,0.37761377613776137,POOR SELLER
FMJEN0917,Jeans,3499,AW,SLASH : Slim Tapered,,White/Ecru,White/Ecru,WHITE/ECRU,72% COTTON 26% POLYESTER 2% SPANDEX,372,1278,0.29107981220657275,POOR SELLER
FMJEN1068,Jeans,2999,AW,MORRISON : Skinny Cropped,,Light Wash,Ice Blue,LIGHT WASH,Cotton 99%  Elastane 1%,277,663,0.4177978883861237,AVERAGE
FMJEN1099,Jeans,2999,AW,JANGO : Relaxed Straight,,Mid Wash,Mid Wash,MID WASH,60%COTTON+19%  POLYESTER+19%VISCOSE+2%ELASTANE,363,758,0.4788918205804749,AVERAGE +
FMJEN1101A,Jeans,2999,AW,JANGO : Relaxed Straight,,Light Wash,Light Wash,LIGHT WASH,60%COTTON+19%  POLYESTER+19%VISCOSE+2%ELASTANE,301,518,0.581081081081081,BEST SELLER
FMJEN1101AJG,Jeans,2999,AW,JANGO : Relaxed Straight,,Light Wash,Light Wash,LIGHT WASH,60%COTTON+19%  POLYESTER+19%VISCOSE+2%ELASTANE,398,682,0.5835777126099707,BEST SELLER
FMJEN1114,Jeans,2999,AW,FREDDIE/PRINCE : Slim Straight,,Rinse,Rinse,RINSE,CO 76.50 POST RCY CO 22.00 EL 1.50,259,756,0.3425925925925926,POOR SELLER
FMJEN1145,Jeans,3499,AW,MICHAEL : Slim Tapered,,Colored,Colored,COLORED,"85% COTTON, 13% POLY, 2% SPX",311,523,0.5946462715105163,BEST SELLER
FMJEN1148,Jeans,3499,AW,MICHAEL : Slim Tapered,,Black,Black,BLACK,"77% COTTON, 21% POLYESTER, 2% SPANDEX",564,984,0.573170731707317,BEST SELLER
FMJEN1158A,Jeans,2799,AW,JACKSON : Skinny,,Washed Black,Washed Black,WASHED BLACK,84% COTTON 14% POLYESTER 2% ELASTANE  ,339,750,0.452,AVERAGE +
FMJEN1171,Jeans,2799,AW,SLASH : Slim Tapered,,Dark Wash,Dark Wash,DARK WASH,"99.2% Cotton, 0.8% Elastane",175,711,0.24613220815752462,POOR SELLER
FMJEN1195S,Jeans,2999,AW,SLASH : Slim Tapered,,Dark Wash,Dark Wash,DARK WASH,69% COTTON 27% RECYCLED POLYETSER 3% RAYON 1% SPANDEX,658,1047,0.6284622731614136,BEST SELLER
FMJEN1196,Jeans,3499,AW,FREDDIE/PRINCE : Slim Straight,,Dark Wash,Dark Wash,DARK WASH,69% COTTON 27% RECYCLED POLYETSER 3% RAYON 1% SPANDEX,580,940,0.6170212765957447,BEST SELLER
FMJEN1206,Jeans,3999,AW,MORRISON : Skinny Cropped,,Dark Wash,Dark Wash,DARK WASH,CO 75% PES 15.5% CV 8% EL 1.5%                                                                                         ,305,915,0.3333333333333333,POOR SELLER
FMJEN1209S,Jeans,3499,AW,SLASH : Slim Tapered,,Blue Black,Dark Wash,BLUE BLACK,64%COTTON 22%PES 12%VISCOSE 2%ELASTANE,477,477,1,BEST SELLER
FMJEN1212,Jeans,3499,AW,JACKSON : Skinny,,Blue Black,Dark Wash,BLUE BLACK,64%COTTON 22%PES 12%VISCOSE 2%ELASTANE,604,604,1,BEST SELLER
FMJEN1231A,Jeans,2999,AW,MORRISON : Skinny Cropped,,Grey,Grey,GREY,78%COTTON+20% POLYESTER+2% ELASTANE,339,614,0.5521172638436482,BEST SELLER
FMJEN1237,Jeans,2999,AW,MANKLE : Relaxed Tapered + Crop,,Washed Black,Washed Black,WASHED BLACK,74% COTTON 22% POLYESTER 3% VISCOSE 1% SPANDEX,296,693,0.42712842712842713,AVERAGE
FMJEN1247,Jeans,2999,AW,JACKSON : Skinny,,Mid Wash,Mid Wash,MID WASH,99% COTTON 1% ELASTANE,216,410,0.526829268292683,BEST SELLER
FMJEN1253,Jeans,2999,AW,JACKSON : Skinny,,Rinse,Rinse,RINSE,95% COTTON 5% ELASTANE,110,531,0.2071563088512241,POOR SELLER
FMJEN1255,Jeans,2799,AW,JACKSON : Skinny,,Light Wash,Light Wash,LIGHT WASH,98% COTTON 2% ELASTANE ,301,720,0.41805555555555557,AVERAGE
FMJEN1256,Jeans,2799,AW,MORRISON : Skinny Cropped,,Light Wash,Ice Blue,LIGHT WASH, 98% COTTON 2% ELASTANE ,219,452,0.48451327433628316,AVERAGE +
FMJEN1265,Jeans,2999,AW,FREDDIE/PRINCE : Slim Straight,,Washed Black,Washed Black,WASHED BLACK,97% COTTON 2% POLYESTER 1% SPANDEX,196,453,0.4326710816777042,AVERAGE
FMJEN1288,Jeans,2799,AW,MANKLE : Relaxed Tapered + Crop,,Blue Black,Dark Wash,BLUE BLACK,92% COTTON 6.5% POLYESTER 1.5% ELASTANE ,634,634,1,BEST SELLER
FMJEN1309,Jeans,2799,AW,MICHAEL : Slim Tapered,,Mid Wash,Mid Wash,MID WASH,69% COTTON 27% POLYESTER 2% VISCOSE 2% SPANDEX,373,787,0.47395171537484115,AVERAGE +
FMJEN1347BN,Jeans,2999,AW,BRUCE : Bootcut,,Light Wash,Ice Blue,LIGHT WASH,CO 99% EL 1%,135,244,0.5532786885245902,BEST SELLER
FMJEN1357,Jeans,2999,AW,JANGO : Relaxed Straight,,Black,Black,BLACK,69%COTTON 29.5%POLYESTER 1.5%ElASTANE,377,788,0.4784263959390863,AVERAGE +
FMJEN1361,Jeans,3499,AW,COBAIN : Loose,,Rinse,Rinse,RINSE,99%COTTON+1%ELASTANE,127,231,0.5497835497835498,BEST SELLER
FMJEN1396,Jeans,3999,AW,MORRISON : Skinny Cropped,,Black,Black,BLACK,"70% Cotton, 19.7% Polyester,8.4% Rayon ,1.9% Elastane",188,551,0.3411978221415608,POOR SELLER
FMJEN1400,Jeans,2999,AW,MICHAEL : Slim Tapered,,Washed Black,Washed Black,WASHED BLACK,71%COTTON 24%POLYESTER 3% VISCOSE 2%SPANDEX,500,1129,0.4428697962798937,AVERAGE
FMJEN1400N,Jeans,2499,AW,MORRISON : Skinny Cropped,,Washed Black,Washed Black,WASHED BLACK,"71%COTTON,24%POLYESTER,3%VISCOSE,2%LYCRA",175,419,0.41766109785202865,AVERAGE
FMJEN1403S,Jeans,3499,AW,SLASH : Slim Tapered,,Dark Wash,Dark Wash,DARK WASH,"49%COTTON 34.5%REFIBRA, 14.5%POLYESTER 2%ELASTANE",510,510,1,BEST SELLER
FMJEN1404,Jeans,3999,AW,JACKSON : Skinny,,Dark Wash,Dark Wash,DARK WASH,"49%COTTON 34.5%REFIBRA, 14.5%POLYESTER 2%ELASTANE",293,802,0.3653366583541147,POOR SELLER
FMJEN1447,Jeans,2799,AW,FREDDIE/PRINCE : Slim Straight,,Dark Wash,Dark Wash,DARK WASH,98.5%COTTON+1.5%SPANDEX,256,599,0.4273789649415693,AVERAGE
FMJEN1484,Jeans,3499,AW,MORRISON : Skinny Cropped,,Mid Wash,Mid Wash,MID WASH,63.40%ctn+12.08%cv+22.33%pes+2.2%el,270,481,0.5613305613305614,BEST SELLER
FMJEN1492,Jeans,2499,AW,MANKLE : Relaxed Tapered + Crop,,Washed Black,Washed Black,WASHED BLACK,CO 72.5% PES 26.5% EL 1% ,439,1306,0.33614088820826954,POOR SELLER
FMJEN1494A,Jeans,2999,AW,MANKLE : Relaxed Tapered + Crop,,Black,Black,BLACK,CO 72.5% PES 26.5% EL 1% ,497,1327,0.37452901281085155,POOR SELLER
FMJEN1494JG,Jeans,2999,AW,JANGO : Relaxed Straight,,Washed Black,Washed Black,WASHED BLACK,CO 72.5% PES 26.5% EL 1% ,236,549,0.42987249544626593,AVERAGE
FMJEN1495B,Jeans,3499,AW,BRUCE : Bootcut,,Dark Wash,Dark Wash,DARK WASH,"98% COTTON, 2% SPANDEX",110,373,0.2949061662198391,POOR SELLER
FMJEN1496,Jeans,3999,AW,JACKSON : Skinny,,Blue Black,Dark Wash,BLUE BLACK,"43% COTTON, 23% VISCOSE(L.ECOVERO), 11% VISCOSE, 21% POLYESTER, 2% LYCRA.",316,1016,0.3110236220472441,POOR SELLER
FMJEN1498,Jeans,3499,AW,FREDDIE/PRINCE : Slim Straight,,Rinse,Rinse,RINSE,63.40%ctn+12.08%cv+22.33%pes+2.2%el,195,398,0.4899497487437186,AVERAGE +
FMJEN1509,Jeans,3499,AW,MICHAEL : Slim Tapered,,Light Wash,Light Wash,LIGHT WASH,"68% COTTON, 30% POLY, 2% SPX",341,677,0.5036927621861153,BEST SELLER
FMJEN1539MK,Jeans,3499,AW,MANKLE : Relaxed Tapered + Crop,,Colored,Colored,COLORED,"85% COTTON, 13% POLY, 2% SPX",562,812,0.6921182266009852,BEST SELLER
FMJEN1539N,Jeans,3499,AW,FREDDIE/PRINCE : Slim Straight,,Colored,Colored,COLORED,"85% COTTON, 13% POLY, 2% SPX",523,523,1,BEST SELLER
FMJEN1540,Jeans,3499,AW,JACKSON : Skinny,,Light Wash,Ice Blue,LIGHT WASH,"85% COTTON, 13% POLY, 2% SPX",290,543,0.5340699815837937,BEST SELLER
FMJEN1542,Jeans,2999,AW,JACKSON : Skinny,,Mid Wash,Mid Wash,MID WASH,"43% COTTON, 23% VISCOSE(L.ECOVERO), 11% VISCOSE, 21% POLYESTER, 2% LYCRA.",421,879,0.4789533560864619,AVERAGE +
FMJEN1544,Jeans,3999,AW,MORRISON : Skinny Cropped,,Rinse,Rinse,RINSE,"43% COTTON, 23% VISCOSE(L.ECOVERO), 11% VISCOSE, 21% POLYESTER, 2% LYCRA.",283,794,0.35642317380352645,POOR SELLER
FMJEN1552N,Jeans,3999,AW,FREDDIE/PRINCE : Slim Straight,,Rinse,Rinse,RINSE,CO 81.00 PES 17.00 EL 2.00,237,661,0.3585476550680787,POOR SELLER
FMJEN1553N,Jeans,1999,AW,MICHAEL : Slim Tapered,,Black,Black,BLACK,75.5% Cotton + 23% Polyester + 1.5% Elastane,312,868,0.35944700460829493,POOR SELLER
FMJEN1626,Jeans,2499,AW,MANKLE : Relaxed Tapered + Crop,,Light Wash,Ice Blue,LIGHT WASH,"66% COTTON, 32% POLYESTER, 2% ELASTANE",355,748,0.47459893048128343,AVERAGE +
FMJEN1639,Jeans,2799,AW,FREDDIE/PRINCE : Slim Straight,,Dark Wash,Dark Wash,DARK WASH,98% cotton + 2% Spandex,395,395,1,BEST SELLER
FMJEN1653,Jeans,2499,AW,MANKLE : Relaxed Tapered + Crop,,Dark Wash,Dark Wash,DARK WASH,"66% COTTON, 32% POLYESTER, 2% ELASTANE",557,1259,0.44241461477362987,AVERAGE
FMJEN1660,Jeans,2499,AW,MANKLE : Relaxed Tapered + Crop,,Grey,Grey,GREY,98.4% cotton + 1.6% Elastane,191,396,0.4823232323232323,AVERAGE +
FMJEN2011,Jeans,2999,AW,COBAIN : Loose,,Light Wash,Light Wash,LIGHT WASH,CO 99% EL 1%,103,287,0.3588850174216028,POOR SELLER
FMJEN2013,Jeans,2999,AW,COBAIN : Loose,,White/Ecru,White/Ecru,WHITE/ECRU,CO 99% EL 1%,80,250,0.32,POOR SELLER
FMJEN2026,Jeans,3499,AW,JANGO : Relaxed Straight,,Dark Wash,Dark Wash,DARK WASH,CO 99% EL 1%,78,275,0.28363636363636363,POOR SELLER
FMJEN2027,Jeans,3499,AW,JANGO : Relaxed Straight,,Blue Black,Dark Wash,BLUE BLACK,CO 99% EL 1%,72,275,0.26181818181818184,POOR SELLER
FMSHT1110,Shirts,1499,SS,Slim,HS,AOP,,White,100% Cotton,1148,1721,0.6670540383497966,FAST MOVING
FMSHT1111,Shirts,1499,SS,Slim,HS,AOP,,Green,100% Cotton,704,1547,0.4550743374272786,AVERAGE
FMSHT1112,Shirts,1499,SS,Slim,HS,AOP,,White,100% Cotton,277,446,0.6210762331838565,FAST MOVING
FMSHT1113,Shirts,1499,SS,RELAX,HS,AOP,,White,100% Viscose,493,795,0.620125786163522,FAST MOVING
FMSHT1114,Shirts,1499,SS,RELAX,HS,AOP,,Blue,100% Viscose,118,134,0.8805970149253731,FAST MOVING
FMSHT1116,Shirts,1499,SS,RELAX,HS,AOP,,Green,100% Viscose,384,482,0.7966804979253111,FAST MOVING
FMSHT1117,Shirts,1499,SS,RELAX,HS,AOP,,Blue,100% Viscose,91,222,0.4099099099099099,AVERAGE
FMSHT1122,Shirts,1499,SS,RELAX,HS,AOP,,Black,100% Viscose,262,293,0.89419795221843,FAST MOVING
FMSHT1128,Shirts,1999,SS,Slim,HS,Solid,,Brown,55% LINEN 45%VISCOSE,288,709,0.40620592383638926,AVERAGE
FMSHT1129,Shirts,1999,SS,Slim,HS,Solid,,Blue,55% LINEN 45%VISCOSE,108,316,0.34177215189873417,SLOW MOVING
FMSHT1131,Shirts,1999,SS,Slim,HS,Solid,,Yellow,55% LINEN 45%VISCOSE,76,177,0.4293785310734463,AVERAGE
FMSHT1132,Shirts,1999,SS,Slim,HS,Solid,,White,55% LINEN 45%VISCOSE,430,900,0.4777777777777778,AVERAGE
FMSHT1133,Shirts,2299,SS,Slim,FS,Solid,,Green,55% LINEN 45%VISCOSE,612,1035,0.591304347826087,AVERAGE
FMSHT1134,Shirts,2299,SS,Slim,FS,Solid,,Pink,55% LINEN 45%VISCOSE,260,921,0.28230184581976114,SLOW MOVING
FMSHT1137,Shirts,2299,SS,Slim,FS,Solid,,Orange,55% LINEN 45%VISCOSE,397,1022,0.388454011741683,SLOW MOVING
FMSHT1139,Shirts,2299,SS,Slim,FS,Solid,,White,55% LINEN 45%VISCOSE,491,1062,0.4623352165725047,AVERAGE
FMSHT1150,Shirts,1799,SS,Slim,FS,AOP,,Green,100% Cotton,351,984,0.3567073170731707,SLOW MOVING
FMSHT1152,Shirts,1799,SS,Slim,FS,AOP,,Grey,100% Cotton,362,460,0.7869565217391304,FAST MOVING
FMSHT1153,Shirts,1799,SS,Slim,FS,AOP,,Green,100% Cotton,809,1129,0.7165633303808681,FAST MOVING
FMSHT1154,Shirts,1799,SS,Slim,FS,AOP,,Brown,100% Cotton,220,381,0.5774278215223098,AVERAGE
FMSHT1157,Shirts,1799,SS,Slim,FS,AOP,,White,100% Cotton,455,1262,0.36053882725832015,SLOW MOVING
FMSHT1158,Shirts,1799,SS,Slim,FS,Solid,,Blue,100% Cotton,336,743,0.4522207267833109,AVERAGE
FMSHT1159,Shirts,1799,SS,Slim,FS,Solid,,Green,100% Cotton,590,1158,0.5094991364421416,AVERAGE
FMSHT1160,Shirts,1799,SS,Slim,FS,Solid,,Green,100% Cotton,580,859,0.6752037252619325,FAST MOVING
FMSHT1161,Shirts,1799,SS,Slim,FS,Solid,,Blue,100% Cotton,474,855,0.5543859649122806,AVERAGE
FMSHT1162,Shirts,1799,SS,Slim,FS,Solid,,Pink,100% Cotton,311,825,0.37696969696969695,SLOW MOVING
FMSHT1163,Shirts,1799,SS,Slim,FS,Solid,,White,100% Cotton,768,1273,0.603299293008641,FAST MOVING
FMSHT1164,Shirts,1999,SS,Slim,FS,Solid,,Blue,96% Cotton 4 % Spandex,143,341,0.41935483870967744,AVERAGE
FMSHT1165,Shirts,1999,SS,Slim,FS,Solid,,Black,96% Cotton 4 % Spandex,500,1070,0.4672897196261682,AVERAGE
FMSHT1167,Shirts,1999,SS,Slim,FS,Solid,,Blue,96% Cotton 4 % Spandex,302,857,0.352392065344224,SLOW MOVING
FMSHT1168,Shirts,1999,SS,Slim,FS,Solid,,Pink,96% Cotton 4 % Spandex,506,995,0.5085427135678392,AVERAGE
FMSHT1169,Shirts,1999,SS,Slim,FS,AOP,,White,100% Cotton,367,814,0.45085995085995084,AVERAGE
FMSHT1172,Shirts,1999,SS,Slim,FS,AOP,,Green,100% Cotton,267,560,0.4767857142857143,AVERAGE
FMSHT1174,Shirts,1999,SS,Slim,FS,AOP,,Green,100% Cotton,106,362,0.292817679558011,SLOW MOVING
FMSHT1175,Shirts,1999,SS,Slim,FS,AOP,,Green,100% Cotton,272,749,0.36315086782376504,SLOW MOVING
FMSHT1180,Shirts,1999,SS,Slim,FS,Checks,,Purple,100% Cotton,548,1042,0.525911708253359,AVERAGE
FMSHT1181,Shirts,1999,SS,Slim,FS,Checks,,Grey,100% Cotton,907,1074,0.8445065176908753,FAST MOVING
FMSHT1182,Shirts,1999,SS,Slim,FS,Checks,,Orange,100% Cotton,250,758,0.32981530343007914,AVERAGE
FMSHT1183,Shirts,1999,SS,Slim,FS,Checks,,Blue,100% Cotton,299,872,0.34288990825688076,SLOW MOVING
FMSHT1185,Shirts,2299,SS,Slim,FS,Checks,,Blue,100% Cotton,339,751,0.45139813581890814,AVERAGE
FMSHT1186,Shirts,2299,SS,Slim,FS,Checks,,Green,100% Cotton,583,1032,0.564922480620155,AVERAGE
FMSHT1187,Shirts,2299,SS,Slim,FS,Checks,,White,100% Cotton,87,341,0.25513196480938416,SLOW MOVING
FMSHT1188,Shirts,2299,SS,Slim,FS,Checks,,Multi,100% Cotton,161,482,0.33402489626556015,AVERAGE
FMSHT1192,Shirts,2299,SS,Slim,FS,Stripe,,Multi,100% Cotton,889,1278,0.6956181533646323,FAST MOVING
FMSHT1195,Shirts,2299,SS,Slim,FS,Washed,,Blue,100% Cotton,321,1050,0.3057142857142857,SLOW MOVING
FMSHT1196,Shirts,2299,SS,Slim,FS,Washed,,Blue,100% Cotton,100,519,0.1926782273603083,SLOW MOVING
FMSHT1197,Shirts,2299,SS,Slim,FS,Washed,,Blue,100% Cotton,138,187,0.7379679144385026,FAST MOVING
FMSHT1198,Shirts,2299,SS,Slim,FS,Washed,,Grey,100% Cotton,118,286,0.4125874125874126,AVERAGE
FMSHT1199,Shirts,2299,SS,Slim,FS,Washed,,Blue,100% Cotton,514,1133,0.45366284201235657,AVERAGE
FMSHT1207,Shirts,2499,SS,Slim,FS,Graphic,,Black,100% Cotton,244,437,0.5583524027459954,AVERAGE
FMSHT1208,Shirts,2499,SS,Slim,FS,AOP,,Blue,100% Cotton,148,201,0.736318407960199,FAST MOVING
FMSHT1209,Shirts,2499,SS,Slim,FS,AOP,,Blue,100% Cotton,207,799,0.2590738423028786,SLOW MOVING
FMSHT1210,Shirts,2499,SS,Slim,FS,AOP,,Blue,100% Cotton,235,836,0.2811004784688995,SLOW MOVING
FMSHT1211,Shirts,2499,SS,Slim,FS,Checks,,Green,100% Cotton,107,590,0.18135593220338983,SLOW MOVING
FMSHT1212,Shirts,2499,SS,Slim,FS,Stripe,,Green,100% Cotton,193,663,0.2911010558069382,SLOW MOVING
FMSHT1214,Shirts,2799,SS,Slim,FS,Washed,,Grey,100% Cotton,445,743,0.5989232839838493,FAST MOVING
FMSHT1215,Shirts,2799,SS,Slim,FS,Washed,,Blue,100% Cotton,552,972,0.5679012345679012,AVERAGE
FMSHT1216,Shirts,2799,SS,Slim,FS,Washed,,Grey,100% Cotton,506,841,0.6016646848989299,FAST MOVING
FMSHT1224,Shirts,2999,SS,Slim,FS,Solid,,White,100% Linen,274,468,0.5854700854700855,AVERAGE
FMSHT1226,Shirts,2999,SS,Slim,FS,Solid,,Green,100% Linen,152,385,0.3948051948051948,SLOW MOVING
FMSHT1228,Shirts,1499,SS,RELAX,HS,AOP,,White,100% Viscose,121,136,0.8897058823529411,FAST MOVING
FMSHT1241,Shirts,2299,SS,Slim,FS,Checks,,Green,100% Cotton,83,405,0.20493827160493827,SLOW MOVING
FMSHT1242,Shirts,2299,SS,Slim,FS,Checks,,Pink,100% Cotton,286,580,0.49310344827586206,AVERAGE
FMSHT1253,Shirts,2999,SS,Slim,FS,Stripe,,Blue,Indigo Linen,169,694,0.24351585014409222,SLOW MOVING
FMSHT1254,Shirts,2999,SS,Slim,FS,Stripe,,Black,Sulphar Linen,142,470,0.3021276595744681,SLOW MOVING
FMSHT1258,Shirts,2299,SS,Slim,FS,Checks,,Brown,100% Cotton,139,824,0.16868932038834952,SLOW MOVING
FMSHT1259,Shirts,2299,SS,Slim,FS,Checks,,Teal,100% Cotton,42,267,0.15730337078651685,SLOW MOVING
FMSHT1260,Shirts,2299,SS,Slim,FS,Checks,,Multi,100% Cotton,266,1001,0.26573426573426573,SLOW MOVING
FMSHT1264,Shirts,1999,SS,Slim,FS,Stripe,,Grey,100% Cotton,1129,1614,0.6995043370508055,FAST MOVING
FMSHT1265,Shirts,1999,SS,Slim,FS,Stripe,,Purple,100% Cotton,688,1290,0.5333333333333333,AVERAGE
FMSHT1266,Shirts,1999,SS,Slim,FS,Stripe,,Yellow,100% Cotton,544,927,0.5868392664509169,AVERAGE
FMSHT1269,Shirts,1999,SS,Slim,FS,Stripe,,Purple,100% Cotton,240,551,0.4355716878402904,AVERAGE
FMSHT1277,Shirts,1999,SS,Slim,FS,Solid,,Pink,75%Linen 25%cotton,120,339,0.35398230088495575,SLOW MOVING
FMSHT1280,Shirts,1999,SS,Slim,FS,Solid,,Blue,75%Linen 25%cotton,347,917,0.37840785169029445,SLOW MOVING
FMSHT1292,Shirts,1799,SS,Slim,FS,AOP,,Brown,100% Cotton,291,398,0.7311557788944724,FAST MOVING
FMSHT1410,Shirts,1499,SS,RELAX,HS,AOP,,,100% Viscose,171,354,0.4830508474576271,AVERAGE
FMSHT1449,Shirts,1599,SS,Slim,FS,Stripe,,,100% Cotton,30,344,0.0872093023255814,SLOW MOVING
FMSHT1450,Shirts,1599,SS,Slim,FS,Stripe,,Blue,100% Cotton,264,918,0.2875816993464052,SLOW MOVING
FMSHT1486,Shirts,1799,SS,Slim,FS,Checks,,Multi,100% Cotton,105,333,0.3153153153153153,SLOW MOVING
FMSHT1556,Shirts,2299,SS,Slim,FS,Stripe,,Green,100% Cotton,137,687,0.19941775836972345,SLOW MOVING
FMSHT1565,Shirts,2299,SS,Slim,FS,Checks,,Multi,100% Cotton,159,421,0.37767220902612825,SLOW MOVING
FMSHT1566,Shirts,2299,SS,Slim,FS,Checks,,Green,100% Cotton,173,457,0.3785557986870897,SLOW MOVING
FMSHT1567,Shirts,2499,SS,Slim,FS,Washed,,Blue,100% Cotton,303,859,0.35273573923166474,SLOW MOVING
FMSHT1568,Shirts,1799,SS,Slim,FS,AOP,,Green,100% Cotton,623,904,0.6891592920353983,FAST MOVING
FMSHT1572,Shirts,2199,SS,Slim,FS,Solid,,White,100% Cotton,611,973,0.6279547790339157,FAST MOVING
FMSHT1573,Shirts,2199,SS,Slim,FS,Solid,,Black,100% Cotton,429,598,0.717391304347826,FAST MOVING
FMSHT1574,Shirts,2199,SS,Slim,FS,Solid,,Grey,100% Cotton,565,968,0.5836776859504132,AVERAGE
FMSHT1575,Shirts,2199,SS,Slim,FS,Solid,,Blue,100% Cotton,84,153,0.5490196078431373,AVERAGE
FMSHT1576,Shirts,2199,SS,Slim,FS,Solid,,Red,100% Cotton,450,638,0.7053291536050157,FAST MOVING
FMSHT1600,Shirts,1799,SS,Slim,FS,Stripe,,Multi,100% Cotton,511,630,0.8111111111111111,FAST MOVING
FMSHT1602,Shirts,2499,SS,Slim,FS,Stripe,,Multi,75%Linen 25%cotton,297,425,0.6988235294117647,FAST MOVING
FMSHT1603,Shirts,2499,SS,Slim,FS,Stripe,,Multi,75%Linen 25%cotton,160,343,0.46647230320699706,AVERAGE
FMSHT1605,Shirts,2499,SS,Slim,FS,Checks,,Blue,100% Cotton,200,564,X,SLOW MOVING
FMSHT1231,Shirts,1499,SS,Slim,HS,AOP,,Green,100% Cotton,127,214,0.5934579439252337,AVERAGE
FMSHT1232,Shirts,1499,SS,Slim,HS,AOP,,Yellow,100% Cotton,352,560,0.6285714285714286,FAST MOVING
FMTSH2757,T-shirt: Crew,799,SS,Slim,HS,Regular Graphic,,Red,60% Cotton 40% Poly,110,335,0.3283582089552239,AVERAGE
FMTSH2766,T-shirt: Crew,999,SS,Slim,HS,Brand Graphic,Regular Softener,Green,60% Cotton 40% Poly,158,427,0.3700234192037471,AVERAGE
FMTSH2857,T-shirt: Crew,1299,SS,Slim,HS,Young Graphic,Regular Softener,Blue,100% cotton,14,84,0.16666666666666666,SLOW MOVING
FMTSH2858,T-shirt: Crew,999,SS,Slim,HS,Young Graphic,Regular Softener,Blue,Follow SMS sample,35,119,0.29411764705882354,SLOW MOVING
FMTSH2861,T-shirt: Crew,999,SS,Slim,HS,Young Graphic,Regular Softener,Red,Follow SMS sample,111,419,0.2649164677804296,SLOW MOVING
FMTSH2863,T-shirt: Crew,1299,SS,Regular,HS,Young Graphic,Regular Softener,Orange,100% Cotton,158,457,0.34573304157549234,AVERAGE
FMTSH2864,T-shirt: Crew,1299,SS,Oversize,HS,Young Graphic,Regular Softener,White,100% Cotton,285,628,0.4538216560509554,AVERAGE
FMTSH2865,T-shirt: Crew,1299,SS,Oversize,HS,Young Graphic,Regular Softener,Purple,100% Cotton,321,540,0.5944444444444444,FAST MOVING
FMTSH2866,T-shirt: Crew,1299,SS,Oversize,HS,Young Graphic,Regular Softener,Grey,100% Cotton,233,475,0.4905263157894737,AVERAGE
FMTSH2868,T-shirt: Crew,799,SS,Slim,HS,Regular Graphic,,Red,60% Cotton 40% Poly,92,336,0.27380952380952384,SLOW MOVING
FMTSH2869,T-shirt: Crew,799,SS,Slim,HS,Regular Graphic,,Blue,60% Cotton 40% Poly,47,336,0.13988095238095238,SLOW MOVING
FMTSH2876,T-shirt: Crew,799,SS,Slim,HS,Brand Graphic,Regular Softener,Yellow,100% cotton,176,826,0.21307506053268765,SLOW MOVING
FMTSH2878,T-shirt: Crew,799,SS,Slim,HS,Brand Graphic,Regular Softener,Green,100% cotton,200,576,0.3472222222222222,AVERAGE
FMTSH2882,T-shirt: Crew,799,SS,Slim,HS,Regular Graphic,Regular Softener,Green,60% Cotton 40% Poly,442,986,0.4482758620689655,AVERAGE
FMTSH2883,T-shirt: Crew,799,SS,Slim,HS,Regular Graphic,,Black,60% Cotton 40% Poly,113,324,0.3487654320987654,AVERAGE
FMTSH2890,T-shirt: Crew,1499,SS,Oversize,HS,Young Graphic,Regular Softener,White,100% Cotton,519,690,0.7521739130434782,FAST MOVING
FMTSH2892,T-shirt: Crew,1499,SS,Oversize,HS,Young Graphic,Regular Softener,Blue,100% Cotton,533,696,0.7658045977011494,FAST MOVING
FMTSH2898,T-shirt: Crew,1299,SS,Slim,HS,Regular Graphic,Regular Softener,Green,100% Cotton,383,741,0.5168690958164642,FAST MOVING
FMTSH2900,T-shirt: Crew,1299,SS,Slim,HS,Young Graphic,Regular Softener,Black,100% cotton,413,735,0.5619047619047619,FAST MOVING
FMTSH2901,T-shirt: Crew,1299,SS,Slim,HS,Young Graphic,Regular Softener,Green,100% cotton,355,745,0.47651006711409394,AVERAGE
FMTSH2902,T-shirt: Crew,1299,SS,Oversize,HS,Young Graphic,Regular Softener,Black,100% cotton,533,721,0.739251040221914,FAST MOVING
FMTSH2903,T-shirt: Crew,1299,SS,Oversize,HS,Young Graphic,Regular Softener,Blue,100% cotton,254,587,0.43270868824531517,AVERAGE
FMTSH2904,T-shirt: Crew,1299,SS,Oversize,HS,Young Graphic,Regular Softener,Orange,100% cotton,414,659,0.6282245827010622,FAST MOVING
FMTSH2911,T-shirt: Crew,1499,SS,Slim,HS,AOP,Regular Softener,Multi,100% cotton,195,752,0.25930851063829785,SLOW MOVING
FMTSH2913,T-shirt: Crew,999,SS,Regular,HS,Regular Graphic,Regular Softener,Brown,100% Cotton,243,519,0.4682080924855491,AVERAGE
FMTSH2914,T-shirt: Crew,999,SS,Regular,HS,Regular Graphic,Regular Softener,Green,100% Cotton,83,267,0.31086142322097376,AVERAGE
FMTSH2915,T-shirt: Crew,999,SS,Regular,HS,Regular Graphic,Regular Softener,Red,100% Cotton,594,777,0.7644787644787645,FAST MOVING
FMTSH2916,T-shirt: Crew,999,SS,Regular,HS,Regular Graphic,Regular Softener,Blue,100% Cotton,541,773,0.6998706338939198,FAST MOVING
FMTSH2917,T-shirt: Crew,999,SS,Regular,HS,Regular Graphic,Regular Softener,Grey,100% Cotton,689,894,0.7706935123042505,FAST MOVING
FMTSH2918,T-shirt: Crew,999,SS,Regular,HS,Regular Graphic,Regular Softener,White,100% Cotton,720,1092,0.6593406593406593,FAST MOVING
FMTSH2927,T-shirt: Crew,1299,SS,Slim,HS,AOP,Regular Softener,Grey,100% cotton,426,651,0.6543778801843319,FAST MOVING
FMTSH2928,T-shirt: Crew,1299,SS,Slim,HS,AOP,Regular Softener,Green,100% cotton,76,298,0.2550335570469799,SLOW MOVING
FMTSH2931,T-shirt: Crew,999,SS,Regular,HS,AOP,Regular Softener,Green,100% cotton,417,635,0.6566929133858268,FAST MOVING
FMTSH2939,T-shirt: Crew,999,SS,Oversize,HS,Solid - Basic + Updated Detail,,Yellow,70% Cotton 30% Vortex Poly,32,279,0.11469534050179211,SLOW MOVING
FMTSH2944,T-shirt: Crew,999,SS,Oversize,HS,Solid - Basic + Updated Detail,,Blue,70% Cotton 30% Vortex Poly,18,100,0.18,SLOW MOVING
FMTSH2956,T-shirt: Crew,1699,SS,oversize,HS,Young Graphic,Regular Softener,Blue,100% cotton,259,780,0.33205128205128204,AVERAGE
FMTSH2957,T-shirt: Crew,1699,SS,oversize,HS,Young Graphic,Regular Softener,Grey,100% cotton,459,806,0.5694789081885856,FAST MOVING
FMTSH2958,T-shirt: Crew,1699,SS,oversize,HS,Young Graphic,Regular Softener,Green,100% cotton,183,719,0.2545201668984701,SLOW MOVING
FMTSH2959,T-shirt: Crew,1299,SS,Regular,HS,AOP,Regular Softener,Multi,100% cotton,669,940,0.7117021276595744,FAST MOVING
FMTSH2960,T-shirt: Crew,1299,SS,Regular,HS,AOP,Regular Softener,Blue,100% cotton,439,954,0.46016771488469604,AVERAGE
FMTSH2961,T-shirt: Crew,1299,SS,Regular,HS,Stripe,Regular Softener,Multi,Cotton Linen,60,589,0.10186757215619695,SLOW MOVING
FMTSH2962,T-shirt: Crew,1299,SS,Regular,HS,Stripe,Regular Softener,Brown,Cotton Linen,37,487,0.07597535934291581,SLOW MOVING
FMTSH2968,T-shirt: Crew,999,SS,Regular,HS,AOP,Regular Softener,Multi,100% cotton,559,837,0.6678614097968937,FAST MOVING
FMTSH2971,T-shirt: Crew,1499,SS,Slim,HS,Brand Graphic,Regular Softener,Orange,100% cotton,193,487,0.39630390143737165,AVERAGE
FMTSH2972,T-shirt: Crew,1499,SS,Slim,HS,Brand Graphic,Regular Softener,Grey,100% cotton,314,654,0.4801223241590214,AVERAGE
FMTSH2973,T-shirt: Crew,1499,SS,Slim,HS,Brand Graphic,Regular Softener,Brown,100% cotton,137,585,0.2341880341880342,SLOW MOVING
FMTSH2974,T-shirt: Crew,1499,SS,Slim,HS,Brand Graphic,Regular Softener,Teal,100% cotton,108,386,0.27979274611398963,SLOW MOVING
FMTSH3026,T-shirt: Crew,1299,SS,Slim,HS,Young Graphic,Regular Softener,Black,100% cotton,499,803,0.6214196762141968,FAST MOVING
FMTSH3027,T-shirt: Crew,1299,SS,Slim,HS,Young Graphic,Regular Softener,Teal,100% cotton,371,832,0.44591346153846156,AVERAGE
FMTSH3034,T-shirt: Crew,1299,SS,Regular,HS,Regular Graphic,Regular Softener,Purple,100% cotton,102,246,0.4146341463414634,AVERAGE
FMTSH3036,T-shirt: Crew,1299,SS,Regular,HS,Regular Graphic,Regular Softener,Purple,100% cotton,102,359,0.2841225626740947,SLOW MOVING
FMTSH3041,T-shirt: Crew,799,SS,Slim,HS,Regular Graphic,Regular Softener,White,Follow SMS sample,286,704,0.40625,AVERAGE
FMTSH3043,T-shirt: Crew,999,SS,Regular,HS,Young Graphic,Regular Softener,Brown,100% cotton,86,523,0.16443594646271512,SLOW MOVING
FMTSH3044,T-shirt: Crew,999,SS,Regular,HS,Young Graphic,Regular Softener,Blue,100% cotton,136,531,0.256120527306968,SLOW MOVING
FMTSH3046,T-shirt: Crew,999,SS,Regular,HS,Young Graphic,Regular Softener,Red,100% cotton,529,1205,0.43900414937759336,AVERAGE
FMTSH3047,T-shirt: Crew,999,SS,Regular,HS,Young Graphic,Regular Softener,Green,100% cotton,472,782,0.6035805626598465,FAST MOVING
FMTSH3048,T-shirt: Crew,999,SS,Regular,HS,Young Graphic,Regular Softener,Black,100% cotton,656,945,0.6941798941798942,FAST MOVING
FMTSH3049,T-shirt: Crew,799,SS,Slim,HS,Young Graphic,Regular Softener,White,60% Cotton 40% Poly,251,689,0.36429608127721336,AVERAGE
FMTSH3051,T-shirt: Crew,799,SS,Slim,HS,Young Graphic,Regular Softener,Black,60% Cotton 40% Poly,169,658,0.256838905775076,SLOW MOVING
FMTSH3058,T-shirt: Crew,999,SS,Slim,HS,Regular Graphic,Regular Softener,Purple,100% cotton,225,582,0.3865979381443299,AVERAGE
FMTSH3059,T-shirt: Crew,999,SS,Slim,HS,Regular Graphic,Regular Softener,Green,100% cotton,143,541,0.2643253234750462,SLOW MOVING
FMTSH2899,T-shirt: Crew,1299,SS,Slim,HS,Regular Graphic,Regular Softener,Black,100% Cotton,693,1200,0.5775,FAST MOVING
FMTSH3011,T-shirt: Crew,1999,SS,Slim,HS,Solid - Textured,Regular Softener,Black,100% Cotton,333,825,0.4036363636363636,AVERAGE
FMTSH3073,T-shirt: Crew,999,SS,Slim,HS,Regular Graphic,Regular Softener,Black,100% Cotton,170,396,0.4292929292929293,AVERAGE
FMTSH3075,T-shirt: Crew,999,SS,Slim,HS,Regular Graphic,Regular Softener,Blue,100% Cotton,165,599,0.27545909849749584,SLOW MOVING
FMTSH3080,T-shirt: Crew,1299,SS,Regular,HS,Regular Graphic,Regular Softener,Red,95/5 Cotton Spx,190,540,0.35185185185185186,AVERAGE
FMTSH3081,T-shirt: Crew,1299,SS,Regular,HS,Regular Graphic,Regular Softener,Blue,95/5 Cotton Spx,362,725,0.4993103448275862,FAST MOVING
FMTSH3082,T-shirt: Crew,1299,SS,Regular,HS,Regular Graphic,Regular Softener,White,95/5 Cotton Spx,416,809,0.5142150803461063,FAST MOVING
FMTSH3100,T-shirt: Crew,1499,SS,Slim,HS,AOP,Regular Softener,Multi,60% Cotton 40% Poly,272,399,0.681704260651629,FAST MOVING
FMTSH3101,T-shirt: Crew,1499,SS,Slim,HS,AOP,Regular Softener,Multi,60% Cotton 40% Poly,566,673,0.8410104011887073,FAST MOVING
FMTSH3102,T-shirt: Crew,1499,SS,Slim,HS,AOP,Regular Softener,Multi,60% Cotton 40% Poly,407,701,0.5805991440798859,FAST MOVING
FMTSH3140,T-shirt: Crew,1699,SS,Slim,HS,Solid (Washed & GMD),DS wash,Blue,Follow SMS sample,100,216,0.46296296296296297,AVERAGE
FMTSH3141,T-shirt: Crew,1699,SS,Slim,HS,Solid (Washed & GMD),DS wash,Blue,Follow SMS sample,45,226,0.19911504424778761,SLOW MOVING
FMTSH3150,T-shirt: Crew,799,SS,Slim,HS,Regular Graphic,Regular Softener,Green,100% cotton,321,814,0.39434889434889436,AVERAGE
FMTSH3169,T-shirt: Crew,999,SS,Regular,HS,Regular Graphic,Regular Softener,White,100% Cotton,54,271,0.1992619926199262,SLOW MOVING
FMTSH3171,T-shirt: Crew,1299,SS,Regular,HS,AOP,Regular Softener,Blue,100% Cotton,228,624,0.36538461538461536,AVERAGE
FMTSH3174,T-shirt: Crew,1299,SS,Regular,HS,AOP,Regular Softener,White,100% Cotton,235,489,0.48057259713701433,AVERAGE
FMTSH3190,T-shirt: Crew,1299,SS,Regular,HS,Solid - Textured,Regular Softener,Teal,100% cotton,140,334,0.41916167664670656,AVERAGE
FMTSH3191,T-shirt: Crew,1299,SS,Regular,HS,Solid - Textured,Regular Softener,White,100% cotton,476,659,0.7223065250379362,FAST MOVING
FMTSH3193,T-shirt: Crew,1299,SS,Regular,HS,Solid - Textured,Regular Softener,Blue,100% cotton,180,303,0.594059405940594,FAST MOVING
FMTSH3539,T-shirt: Crew,999,SS,Slim,HS,Color Block,Regular Softener,Multi,100% Cotton,404,738,0.5474254742547425,FAST MOVING
FMTSH3540,T-shirt: Crew,999,SS,Slim,HS,Color Block,Regular Softener,Multi,100% Cotton,405,739,0.5480378890392422,FAST MOVING
FMTSH3553,T-shirt: Crew,1299,SS,Slim,HS,AOP,Regular Softener,Yellow,100% Cotton,262,457,0.5733041575492341,FAST MOVING
FMTSH3555,T-shirt: Crew,1299,SS,Slim,HS,AOP,Regular Softener,White,100% Cotton,379,496,0.7641129032258065,FAST MOVING
FMTSH3556,T-shirt: Crew,1299,SS,Slim,HS,AOP,Regular Softener,Black,100% Cotton,558,835,0.6682634730538922,FAST MOVING
FMTSH3561,T-shirt: Crew,1299,SS,Slim,HS,AOP,Regular Softener,Black,100% Cotton,518,724,0.7154696132596685,FAST MOVING
FMTSH3562,T-shirt: Crew,1299,SS,Slim,HS,AOP,Regular Softener,Blue,100% Cotton,539,868,0.6209677419354839,FAST MOVING
FMTSH3701,Polo,1999,SS,Slim,HS,Stripe,Regular Softener,Multi,100% Cotton,403,571,0.7057793345008757,FAST MOVING
FMTSH3702,Polo,1999,SS,Slim,HS,Stripe,Regular Softener,Multi,100% Cotton,380,634,0.5993690851735016,FAST MOVING
FMTSH3524,Polo,1799,SS,Slim,HS,Stripe,Regular Softener,Multi,100% Cotton,145,418,0.34688995215311,SLOW MOVING
FMTSH3500,Polo,1499,SS,Slim,HS,Solid - Basic + Updated Detail,Regular Softener,Yellow,100% Cotton,326,708,0.4604519774011299,AVERAGE
FMTSH3067,T-shirt: Crew,999,SS,Slim,HS,Regular Graphic,Regular Softener,Blue,57% Cotton 38% Modal 5% Spandex,218,517,0.42166344294003866,AVERAGE
FMTSH3586,Polo,1999,SS,Slim,HS,Stripe,Regular Softener,Blue,100% Cotton,442,664,0.6656626506024096,FAST MOVING
FMTSH3068,T-shirt: Crew,999,SS,Slim,HS,Regular Graphic,Regular Softener,Green,57% Cotton 38% Modal 5% Spandex,187,514,0.3638132295719844,AVERAGE
FMTSH3206,Polo,1499,SS,Slim,HS,Solid - Basic + Updated Detail,Regular Softener,Blue,100% cotton,119,520,0.22884615384615384,SLOW MOVING
FMTSH3069,T-shirt: Crew,999,SS,Slim,HS,Regular Graphic,Regular Softener,White,57% Cotton 38% Modal 5% Spandex,85,180,0.4722222222222222,AVERAGE
FMTSH3180,Polo,1999,SS,Slim,HS,Solid (Washed & GMD),Regular Softener,Yellow,100% cotton,208,791,0.2629582806573957,SLOW MOVING
FMTSH3148,Polo,1999,SS,Slim,HS,Solid (Washed & GMD),Regular Softener,Brown,100% Cotton,276,810,0.34074074074074073,SLOW MOVING
FMTSH2830,Polo,1299,SS,Slim,HS,Solid - Basic + Updated Detail,Regular Softener,Yellow,100% cotton,444,1022,0.4344422700587084,AVERAGE
FMTSH2713,Polo,1799,SS,Regular,HS,AOP,Regular Softener,Pink,100% Cotton,120,494,0.242914979757085,SLOW MOVING
FMTSH2827,Polo,1299,SS,Slim,HS,Solid - Basic + Updated Detail,Regular Softener,Blue,100% cotton,453,1145,0.3956331877729258,AVERAGE
FMTSH3202,Polo,1499,SS,Slim,HS,Solid - Basic + Updated Detail,Regular Softener,Green,100% Cotton,581,1144,0.5078671328671329,FAST MOVING
FMTSH3205,Polo,1499,SS,Slim,HS,Solid - Basic + Updated Detail,Regular Softener,White,100% Cotton,374,907,0.412348401323043,AVERAGE
FMTSH3203,Polo,1499,SS,Slim,HS,Solid - Basic + Updated Detail,Regular Softener,Pink,100% Cotton,288,812,0.35467980295566504,SLOW MOVING
FMTSH3149,Polo,1999,SS,Slim,HS,Solid (Washed & GMD),Regular Softener,Green,100% Cotton,374,942,0.3970276008492569,AVERAGE
FMTSH3023,Polo,1799,SS,Slim,HS,Stripe,Regular Softener,Multi,100% cotton,97,332,0.2921686746987952,SLOW MOVING
FMTSH3182,Polo,1699,SS,Slim,HS,Solid - Textured,Regular Softener,Blue,Cotton Poly - Melange Shades,436,831,0.5246690734055355,FAST MOVING
FMTSH2714,Polo,1799,SS,Regular,HS,AOP,Regular Softener,Yellow,100% Cotton,145,562,0.2580071174377224,SLOW MOVING
FMTSH3204,Polo,1499,SS,Slim,HS,Solid - Basic + Updated Detail,Regular Softener,Black,100% Cotton,258,662,0.38972809667673713,AVERAGE
FMTSH2984,Polo,1999,SS,Slim,HS,Cut and Sew,Regular Softener,Blue,100% cotton,622,884,0.7036199095022625,FAST MOVING
FMTSH2851,Polo,1699,SS,Slim,HS,Solid (Washed & GMD),Regular Softener,Orange,100% cotton,358,1018,0.3516699410609037,SLOW MOVING
FMTSH3147,Polo,1999,SS,Slim,HS,Solid (Washed & GMD),Regular Softener,Orange,100% Cotton,276,577,0.4783362218370884,AVERAGE
FMTSH2853,Polo,1699,SS,Slim,HS,Solid (Washed & GMD),Regular Softener,Green,100% cotton,525,1037,0.506268081002893,FAST MOVING
FMTSH2715,Polo,1799,SS,Regular,HS,AOP,Regular Softener,Purple,100% Cotton,162,661,0.24508320726172467,SLOW MOVING
FMTSH2833,Polo,1299,SS,Slim,HS,Solid - Basic + Updated Detail,Regular Softener,Red,100% cotton,535,1049,0.5100095328884652,FAST MOVING
FMTSH3900,T-shirt: Crew,1299,SS,Slim,HS,Regular Graphic,Regular Softener,White,95/5 Cotton spx,477,661,0.7216338880484114,FAST MOVING
FMTSH3146,Polo,1999,SS,Slim,HS,Solid (Washed & GMD),Regular Softener,Blue,100% Cotton,573,1183,0.48436179205409974,AVERAGE
FMTSH2836,Polo,1299,SS,Slim,HS,Solid - Basic + Updated Detail,Regular Softener,White,100% Cotton,409,959,0.4264859228362878,AVERAGE
FMTSH2835,Polo,1299,SS,Slim,HS,Solid - Basic + Updated Detail,Regular Softener,Black,100% Cotton,475,972,0.4886831275720165,AVERAGE
FMTSH3181,Polo,1699,SS,Slim,HS,Solid - Textured,Regular Softener,Blue,Cotton Poly - Melange Shades,464,1090,0.42568807339449544,AVERAGE
FMTSH2838,Polo,1699,SS,Slim,HS,Solid - Textured,Regular Softener,Green,Cotton Poly - Melange Shades,631,1023,0.6168132942326491,FAST MOVING
FMSHT1413,Shirts,1499,SS,RELAX,HS,AOP,,White,100% Viscose,563,583,0.9656946826758147,FAST MOVING
FMSHT1414,Shirts,1499,SS,RELAX,HS,AOP,,Black,100% Viscose,665,724,0.9185082872928176,FAST MOVING
FMSHT1492,Shirts,1999,SS,Slim,FS,Solid,,Black,75%Linen 25%cotton,519,832,0.6237980769230769,FAST MOVING
FMSHT1401,Shirts,1499,SS,Slim,HS,Solid,,White,100% Cotton,468,1235,0.37894736842105264,SLOW MOVING
FMSHT1402,Shirts,1499,SS,Slim,HS,Solid,,Yellow,100% Cotton,348,1179,0.2951653944020356,SLOW MOVING
FMSHT1406,Shirts,1499,SS,Slim,HS,Solid,,Green,100% Cotton,607,1045,0.5808612440191387,AVERAGE
FMSHT1411,Shirts,1299,SS,RELAX,HS,Stripe,,,100% Viscose,177,372,0.47580645161290325,AVERAGE
FMSHT1412,Shirts,1299,SS,RELAX,HS,Stripe,,Multi,100% Viscose,581,613,0.9477977161500816,FAST MOVING
FMSHT1417,Shirts,1299,SS,Slim,HS,AOP,,White,100% Cotton,1067,1399,0.7626876340243031,FAST MOVING
FMSHT1420,Shirts,1299,SS,Slim,HS,AOP,,Green,100% Cotton,721,788,0.9149746192893401,FAST MOVING
FMSHT1422,Shirts,1299,SS,RELAX,HS,AOP,,Red,100% Viscose,971,1073,0.9049394221808015,FAST MOVING
FMSHT1431,Shirts,1599,SS,Slim,FS,AOP,,Yellow,100% Cotton,95,193,0.49222797927461137,AVERAGE
FMSHT1432,Shirts,1599,SS,Slim,FS,AOP,,Green,100% Cotton,98,152,0.6447368421052632,FAST MOVING
FMSHT1441,Shirts,1599,SS,Slim,FS,AOP,,White,100% Cotton,412,772,0.533678756476684,AVERAGE
FMSHT1443,Shirts,1599,SS,Slim,FS,AOP,,Green,100% Cotton,422,695,0.6071942446043166,FAST MOVING
FMSHT1455,Shirts,1599,SS,Slim,FS,Stripe,,Orange,100% Cotton,222,560,0.3964285714285714,SLOW MOVING
FMSHT1463,Shirts,1799,SS,Slim,FS,Solid,,Yellow,100% Cotton,264,702,0.37606837606837606,SLOW MOVING
FMSHT1485,Shirts,1799,SS,Slim,FS,Checks,,Green,100% Cotton,458,1073,0.42684063373718545,AVERAGE
FMSHT1487,Shirts,1799,SS,Slim,FS,Checks,,Multi,100% Cotton,104,253,0.41106719367588934,AVERAGE
FMSHT1488,Shirts,1799,SS,Slim,FS,Checks,,Multi,100% Cotton,232,898,0.2583518930957684,SLOW MOVING
FMSHT1493,Shirts,1999,SS,Slim,FS,AOP,,Blue,100% Cotton,228,260,0.8769230769230769,FAST MOVING
FMSHT1500,Shirts,1799,SS,Slim,FS,AOP,,White,100% Cotton,131,674,0.1943620178041543,SLOW MOVING
FMJEN0701,Jeans,3999,SS,JACKSON : Skinny,,Light Wash,Fashion,Blue,55.6% Cotton+33.7% Tencel+8.1% Elastomulties+2.4% Spandex,102,680,0.15,SLOW MOVING
FMJEN0702,Jeans,3999,SS,JACKSON : Skinny,,Black,Rinse,BLACK,56.6% Cotton+33% Tencel+7.9% Elastomulties+2.5% Spandex,436,1290,0.33798449612403103,SLOW MOVING
FMJEN0723,Jeans,2999,SS,MANKLE : Relaxed Tapered + Crop,,Colored,Fashion,Colored,98% COTTON+ 2% ELASTANCE,241,935,0.25775401069518716,SLOW MOVING
FMJEN0732A,Jeans,2799,SS,MANKLE : Relaxed Tapered + Crop,,Mid Wash,Basic Plus,Blue Grey,99% Cotton 1% Elastane  ,151,700,0.21571428571428572,SLOW MOVING
FMJEN0741,Jeans,2799,SS,BRUCE : Bootcut,,Light Wash,Fashion,Blue,98%  Cotton 2% Elastane,171,454,0.3766519823788546,AVERAGE
FMJEN0758,Jeans,1999,SS,Slash/Michael - Slim Tapered,,Black,Rinse,BLACK,82% Cotton ; 16% Polyester ; 2% Spandex,445,884,0.503393665158371,AVERAGE
FMJEN0766,Jeans,1999,SS,MANKLE : Relaxed Tapered + Crop,,Washed Black,Basic Plus,Black,82% Cotton ; 16% Polyester ; 2% Spandex,397,626,0.634185303514377,FAST MOVING
FMJEN0771,Jeans,2499,SS,MANKLE : Relaxed Tapered + Crop,,Light Wash,Fashion,Blue,"99.3% Cotton, 0.7% Elastane.",292,942,0.3099787685774947,SLOW MOVING
FMJEN0774,Jeans,2499,SS,MANKLE : Relaxed Tapered + Crop,,Light Wash,Fashion,Blue,"99.3% Cotton, 0.7% Elastane.",382,963,0.39667705088265837,AVERAGE
FMJEN0779,Jeans,3499,SS,JACKSON : Skinny,,Dark Wash,Basic Plus,Blue,"65% COTTON,20 POLY,14 TENSIL,1% LYCRA",374,640,0.584375,FAST MOVING
FMJEN0783A,Jeans,3999,SS,JACKSON : Skinny,,Dark Wash,Basic Plus,Blue,"77.1% RECYCLED POLY ,20.6%",518,1120,0.4625,AVERAGE
FMJEN0784A,Jeans,3499,SS,Slash/Michael - Slim Tapered,,Light Wash,Basic Plus,Blue,"65% COTTON,20 POLY,14 TENSIL,1% LYCRA",602,1127,0.5341614906832298,FAST MOVING
FMJEN0785,Jeans,3999,SS,JACKSON : Skinny,,Washed Black,Basic Plus,BLACK,"71% COTTON,18% POLY,9 % RAY,2% LYCRA",454,738,0.6151761517615176,FAST MOVING
FMJEN0786A,Jeans,2999,SS,JACKSON : Skinny,,Rinse,Rinse,Blue,"62% COTTON,22% POLY,13 LYOCELL,3 % SPANDEX",574,1064,0.5394736842105263,FAST MOVING
FMJEN0786,Jeans,2999,SS,Slash/Michael - Slim Tapered,,Rinse,Rinse,Blue,"62% COTTON,22% POLY,13 LYOCELL,3 % SPANDEX",746,1262,0.5911251980982567,FAST MOVING
FMJEN0787A,Jeans,3499,SS,Slash/Michael - Slim Tapered,,Light Wash,Fashion,Blue,83% cotton +15 poly + 2% Elastane,451,1166,0.3867924528301887,AVERAGE
FMJEN0788,Jeans,3499,SS,JACKSON : Skinny,,Light Wash,Fashion,Blue,"77.1% RECYCLED POLY ,20.6%",337,576,0.5850694444444444,FAST MOVING
FMJEN0800,Jeans,2999,SS,Freddie - Slim Straight,,Colored,Basic Plus,Colored,98% COTTON+ 2% ELASTANCE,119,584,0.20376712328767124,SLOW MOVING
FMJEN0803,Jeans,2999,SS,JACKSON : Skinny,,Colored,Fashion,Colored,98% COTTON+ 2% ELASTANCE,91,475,0.19157894736842104,SLOW MOVING
FMJEN0804,Jeans,2999,SS,JACKSON : Skinny,,Colored,Basic,Colored,98% COTTON+ 2% ELASTANCE,208,876,0.2374429223744292,SLOW MOVING
FMJEN0806,Jeans,2999,SS,JACKSON : Skinny,,Colored,Fashion,Colored,98% COTTON+ 2% ELASTANCE,395,916,0.43122270742358076,AVERAGE
FMJEN0807,Jeans,2999,SS,JACKSON : Skinny,,Colored,Basic,Colored,98% COTTON+ 2% ELASTANCE,379,1004,0.37749003984063745,AVERAGE
FMJEN0744D,Jeans,2999,SS,MANKLE : Relaxed Tapered + Crop,,Dark Wash,Basic Plus,Blue,98%  Cotton 2% Elastane,832,1185,0.7021097046413503,FAST MOVING
FMJEN0746A,Jeans,2799,SS,F-Jango - Relaxed Straight,,Mid Wash,Fashion,Blue,99% Cotton 1% Elastane  ,128,258,0.49612403100775193,AVERAGE
FMJEN0747D,Jeans,2999,SS,MANKLE : Relaxed Tapered + Crop,,Light Wash,Distress,Blue,99.3% Cotton+0.7% Spandex,303,618,0.49029126213592233,AVERAGE
FMJEN0750A,Jeans,2999,SS,F-Jango - Relaxed Straight,,Light Wash,Fashion,Blue,98%  Cotton 2% Elastane,149,221,0.6742081447963801,FAST MOVING
FMJEN0754A,Jeans,2999,SS,Freddie - Slim Straight,,Mid Wash,Fashion,Blue,98%  Cotton 2% Elastane,338,875,0.3862857142857143,AVERAGE
FMJEN0757A,Jeans,2799,SS,BRUCE : Bootcut,,Light Wash,Distress,Blue,99.3% Cotton+0.7% Spandex,152,504,0.30158730158730157,SLOW MOVING
FMJEN0765,Jeans,1999,SS,Slash/Michael - Slim Tapered,,Washed Black,Basic Plus,BLACK,82% Cotton ; 16% Polyester ; 2% Spandex,110,346,0.3179190751445087,SLOW MOVING
FMJEN0770A,Jeans,2499,SS,F-Jango - Relaxed Straight,,Light Wash,Fashion,Blue,"99.3% Cotton, 0.7% Elastane.",173,256,0.67578125,FAST MOVING
FMJEN0789A,Jeans,3999,SS,Freddie - Slim Straight,,Mid Wash,Basic Plus,Blue,"77.1% RECYCLED POLY ,20.6%",440,1117,0.39391226499552373,AVERAGE
FMJEN0790A,Jeans,3499,SS,Freddie - Slim Straight,,Mid Wash,Fashion,Blue,"93% COTTON,6% T-400,1% YCRA",428,997,0.4292878635907723,AVERAGE
FMJEN0799,Jeans,2999,SS,Freddie - Slim Straight,,Colored,Basic,Colored,98% COTTON+ 2% ELASTANCE,425,984,0.43191056910569103,AVERAGE
FMJEN0657,Jeans,2799,SS,Slash/Michael - Slim Tapered,,Light Wash,Fashion,Blue,99% Cotton 1% Elastane  ,81,211,0.38388625592417064,AVERAGE
FMJEN0661D,Jeans,2999,SS,MANKLE : Relaxed Tapered + Crop,,Mid Wash,Distress,Blue,98%  Cotton 2% Elastane,421,916,0.4596069868995633,AVERAGE
FMJEN0669D,Jeans,2799,SS,MANKLE : Relaxed Tapered + Crop,,Dark Wash,Distress,Blue,84% Cotton 14% Polyester 2% Elastane,232,731,0.3173734610123119,SLOW MOVING
FMJEN0722,Jeans,2999,SS,Slash/Michael - Slim Tapered,,White,Basic Plus,Colored,98% COTTON+ 2% ELASTANCE,444,1107,0.4010840108401084,AVERAGE
FMJEN0727A,Jeans,2799,SS,F-Jango - Relaxed Straight,,Washed Black,Basic Plus,BLACK,98.85% COTTON 1.15% SPANDEX,121,402,0.3009950248756219,SLOW MOVING
FMJEN0736A,Jeans,2999,SS,BRUCE : Bootcut,,Mid Wash,Fashion,Blue,85% Cotton 13% Polyester 2% Elastane,148,391,0.37851662404092073,AVERAGE
FMJEN0739A,Jeans,2999,SS,Freddie - Slim Straight,,Dark Wash,Basic Plus,Blue,85% Cotton 13% Polyester 2% Elastane,820,1317,0.6226271829916477,FAST MOVING
FMJEN0739B,Jeans,2999,SS,BRUCE : Bootcut,,Dark Wash,Basic Plus,Blue,85% Cotton 13% Polyester 2% Elastane,290,614,0.4723127035830619,AVERAGE
FMJEN0740A,Jeans,2799,SS,F-Jango - Relaxed Straight,,Mid Wash,Fashion,Blue,99% Cotton 1% Elastane  ,146,238,0.6134453781512605,FAST MOVING
FMJEN0640,Jeans,3499,SS,MORRISON : Skinny Cropped,,Black,rinse,BLACK,CO 93.43 PES 5.25 EL 1.32,502,987,0.5086119554204661,FAST MOVING
FMJEN0642,Jeans,3999,SS,MORRISON : Skinny Cropped,,Mid Wash,Basic Plus,Blue,CO 93.43 PES 5.25 EL 1.32,324,545,0.5944954128440367,FAST MOVING
FMJEN0645,Jeans,3499,SS,MORRISON : Skinny Cropped,,Grey,Basic Plus,Grey,CO 83.27 PES 15.49 EL 1.24,563,1043,0.5397890699904123,FAST MOVING
FMJEN0646,Jeans,3999,SS,MORRISON : Skinny Cropped,,Light Wash,Fashion,Blue,CO 93.43 PES 5.25 EL 1.32,144,440,0.32727272727272727,SLOW MOVING
FMJEN0647,Jeans,3999,SS,MORRISON : Skinny Cropped,,Blue Black,Basic Plus,Blue Black,CO 93.43 PES 5.25 EL 1.32,679,1096,0.6195255474452555,FAST MOVING
FMJEN0648A,Jeans,4499,SS,F-Jango - Relaxed Straight,,Mid Wash,Fashion,Blue,COT 98.5% EL 1.5%,83,387,0.2144702842377261,SLOW MOVING
FMJEN0648,Jeans,4499,SS,Slash/Michael - Slim Tapered,,Dark Wash,Fashion,Blue,COT 98.5% EL 1.5%,160,696,0.22988505747126436,SLOW MOVING
FMJEN0649,Jeans,4499,SS,Slash/Michael - Slim Tapered,,Grey,Fashion,Blue,CO 67.86 PES 30.53 EL 1.61,102,392,0.2602040816326531,SLOW MOVING
FMJEN0650A,Jeans,4499,SS,Slash/Michael - Slim Tapered,,Dark Wash,Fashion,Grey,COT 99% EL 1%,132,588,0.22448979591836735,SLOW MOVING
FMJEN0650,Jeans,4499,SS,Slash/Michael - Slim Tapered,,Mid Wash,Basic Plus,Blue,COT 99% EL 1%,153,713,0.21458625525946703,SLOW MOVING
FMJEN0651,Jeans,4499,SS,Slash/Michael - Slim Tapered,,Rinse,Rinse,Blue,COT 98.5% EL 1.5%,167,641,0.26053042121684866,SLOW MOVING
FMJEN0652,Jeans,4499,SS,Slash/Michael - Slim Tapered,,Black,Rinse,Black,CO 67.86 PES 30.53 EL 1.61,307,819,0.37484737484737485,AVERAGE
FMJEN0653A,Jeans,4499,SS,F-Jango - Relaxed Straight,,Rinse,Rinse,Blue,COT 99% EL 1%,170,517,0.3288201160541586,SLOW MOVING
FMJEN0653,Jeans,4499,SS,Slash/Michael - Slim Tapered,,Rinse,rinse,Blue,COT 99% EL 1%,251,753,0.3333333333333333,SLOW MOVING
FMJEN0667,Jeans,3499,SS,Slash/Michael - Slim Tapered,,Dark Wash,Distress,Blue,CO 99.19 EL 0.81,35,134,0.26119402985074625,SLOW MOVING
FMJEN0681,Jeans,3499,SS,Slash/Michael - Slim Tapered,,Dark Wash,Distress,Blue,CO 99.19 EL 0.81,20,102,0.19607843137254902,SLOW MOVING
FMJEN0692,Jeans,3499,SS,Slash/Michael - Slim Tapered,,Mid Wash,Basic Plus,Blue,69%COTTON+29%RECYCLED POLYESTER+2%ELASTANE,123,368,0.3342391304347826,SLOW MOVING
FMJEN0698,Jeans,3499,SS,Slash/Michael - Slim Tapered,,Dark Wash,Basic Plus,Blue,"69% COTTON,23% CV,6% PES,2% ELA",644,967,0.6659772492244054,FAST MOVING
FMJEN0699,Jeans,3499,SS,JACKSON : Skinny,,Mid Wash,Basic Plus,Blue,CT/TNCL/EL: 80.4/18.3/1.3,321,889,0.3610798650168729,AVERAGE
FMJEN0705A,Jeans,3999,SS,Slash/Michael - Slim Tapered,,Blue Black,Basic Plus,Blue Black,60% COTTON+24% POLYESTER+10%VISCOSE+6%ELASTANE,355,869,0.4085155350978136,AVERAGE
FMJEN0706,Jeans,3499,SS,JACKSON : Skinny,,Dark Wash,Basic Plus,Blue,"69% COTTON,23% CV,6% PES,2% ELA",272,950,0.2863157894736842,SLOW MOVING
FMJEN0707A,Jeans,3499,SS,Slash/Michael - Slim Tapered,,Blue Black,Basic,Blue Black,60% COTTON+24% POLYESTER+10%VISCOSE+6%ELASTANE,269,822,0.32725060827250607,SLOW MOVING
FMJEN0707,Jeans,3499,SS,JACKSON : Skinny,,Blue Black,Basic,Blue Black,60% COTTON+24% POLYESTER+10%VISCOSE+6%ELASTANE,595,1120,0.53125,FAST MOVING
FMJEN0708,Jeans,2999,SS,Slash/Michael - Slim Tapered,,Rinse,Rinse,Blue Black,60% COTTON+24% POLYESTER+10%VISCOSE+6%ELASTANE,494,999,0.4944944944944945,AVERAGE
FMJEN0710,Jeans,3499,SS,JACKSON : Skinny,,Grey,Basic Plus,Grey,COTTON POLY VISCOSE LYCRA,610,1074,0.5679702048417132,FAST MOVING
FMJEN0712A,Jeans,3499,SS,Slash/Michael - Slim Tapered,,Washed Black,Basic,BLACK,60%COTTON+24%POLYESTER+10%VISCOSE+6%ELASTANE,749,1244,0.6020900321543409,FAST MOVING
FMJEN0713A,Jeans,3499,SS,Slash/Michael - Slim Tapered,,Grey,Fashion,Grey,COTTON POLY VISCOSE LYCRA,723,1227,0.589242053789731,FAST MOVING
FMJEN0713,Jeans,3499,SS,JACKSON : Skinny,,Grey,Fashion,Grey,COTTON POLY VISCOSE LYCRA,452,962,0.4698544698544699,AVERAGE
FMJEN0714A,Jeans,2999,SS,JACKSON : Skinny,,Black,Rinse,BLACK,60%COTTON+24%POLYESTER+10%VISCOSE+6%ELASTANE,428,1062,0.4030131826741996,AVERAGE
FMJEN0714,Jeans,2999,SS,Slash/Michael - Slim Tapered,,Black,Rinse,BLACK,60%COTTON+24%POLYESTER+10%VISCOSE+6%ELASTANE,390,665,0.5864661654135338,FAST MOVING
FMJEN0715,Jeans,3499,SS,JACKSON : Skinny,,Mid Wash,Fashion,Blue Grey,"69% COTTON,23% CV,6% PES,2% ELA",81,349,0.23209169054441262,SLOW MOVING
FMJEN0717,Jeans,3499,SS,JACKSON : Skinny,,Mid Wash,Basic,Blue,CT/TNCL/EL: 80.4/18.3/1.3,222,856,0.25934579439252337,SLOW MOVING
FMJEN0719,Jeans,2999,SS,Slash/Michael - Slim Tapered,,Blue Black,Basic,Blue Black,CT/PY/TNCL/EL: 72.7/15/10.8/1.5,618,846,0.7304964539007093,FAST MOVING
FMJEN0752A,Jeans,2799,SS,F-Jango - Relaxed Straight,,Black,Rinse,BLACK,CT/EL:98.3/1.7,470,830,0.5662650602409639,FAST MOVING
FMJEN0761,Jeans,1999,SS,Slash/Michael - Slim Tapered,,Mid Wash,Basic Plus,Blue,90.4% cotton+4.30 Lyocell+1% spandex,322,654,0.4923547400611621,AVERAGE
FMJEN0768,Jeans,1999,SS,Slash/Michael - Slim Tapered,,Light Wash,Basic Plus,Blue,90.4% cotton+4.30 Lyocell+1% spandex,193,480,0.40208333333333335,AVERAGE
FMJEN0772,Jeans,2499,SS,Slash/Michael - Slim Tapered,,Mid Wash,Basic Plus,Blue,76% COTTON+20% POLY+3% VISCOSE+1%ELASTANCE,61,247,0.24696356275303644,SLOW MOVING
FMJEN0794,Jeans,3999,SS,JACKSON : Skinny,,Dark Wash,Basic Plus,Blue,"40.5% cotton,34% cv,23% PES,2.5 Elastic",129,720,0.17916666666666667,SLOW MOVING
FMJEN0752D,Jeans,2799,SS,MANKLE : Relaxed Tapered + Crop,,Black,Rinse,BLACK,CT/EL:98.3/1.7,712,1119,0.6362823949955317,FAST MOVING
FMJEN0775,Jeans,2999,SS,BRUCE : Bootcut,,Washed Black,Basic Plus,Black,89% cotton +29.5 poly +1.55 lycra,208,501,0.4151696606786427,AVERAGE
FMJEN0690A,Jeans,2999,SS,MANKLE : Relaxed Tapered + Crop,,Mid Wash,Basic Plus,Blue,69%COTTON+29%RECYCLED POLYESTER+2%ELASTANE,284,855,0.3321637426900585,SLOW MOVING
FMJEN0691A,Jeans,2999,SS,MANKLE : Relaxed Tapered + Crop,,Grey,Basic Plus,Grey,69%COTTON+30%POLYESTER+1%ELASTANE,689,1143,0.6027996500437446,FAST MOVING
FMJEN0734A,Jeans,2999,SS,BRUCE : Bootcut,,Blue Black,Basic Plus,Blue Black,CO 83.07 PES 15.47 EL 1.47,135,379,0.3562005277044855,AVERAGE
FMJEN0738D,Jeans,2999,SS,MANKLE : Relaxed Tapered + Crop,,Blue Black,Basic Plus,Blue Black,CO 83.07 PES 15.47 EL 1.47,349,801,0.43570536828963796,AVERAGE
FMJEN0687,Jeans,2999,SS,Jogger Fit,,Dark Wash,Basic Plus,Blue,60%COTTON+24%POLYESTER+10%VISCOSE+6%ELASTANE,114,281,0.40569395017793597,AVERAGE
FMJEN0872,Jeans,2399,SS,Freddie - Slim Straight,,Dark Wash,Distress,Blue,99.3% Cotton+0.7% Spandex,102,183,0.5573770491803278,FAST MOVING
FMJEN0867,Jeans,2399,SS,Slash/Michael - Slim Tapered,,Grey,Fashion,Grey,98% COTTON+ 2% ELASTANCE,348,616,0.564935064935065,FAST MOVING
FMJEN0835,Jeans,2399,SS,Slash/Michael - Slim Tapered,,Mid Wash,Basic,Blue,99% Cotton 1% Elastane  ,543,1044,0.5201149425287356,FAST MOVING
FMJEN0856,Jeans,2399,SS,Slash/Michael - Slim Tapered,,Light Wash,Fashion,Blue,99% Cotton 1% Elastane  ,106,513,0.20662768031189083,SLOW MOVING
FMJEN0893,Jeans,1999,SS,JACKSON : Skinny,,Washed Black,Basic,Black,82% Cotton ; 16% Polyester ; 2% Spandex,258,605,0.42644628099173554,AVERAGE
FMJEN0859,Jeans,2399,SS,MANKLE : Relaxed Tapered + Crop,,Mid Wash,Basic Plus,Blue,99% Cotton 1% Elastane  ,389,905,0.4298342541436464,AVERAGE
FMJEN0861,Jeans,1999,SS,MANKLE : Relaxed Tapered + Crop,,Light Wash,Fashion,Blue,"99.3% Cotton, 0.7% Elastane.",346,737,0.4694708276797829,AVERAGE
FMJEN0897,Jeans,2799,SS,JACKSON : Skinny,,Light Wash,Basic Plus,Blue,"65% COTTON,20 POLY,14 TENSIL,1% LYCRA",495,927,0.5339805825242718,FAST MOVING
FMJEN0847,Jeans,2599,SS,JACKSON : Skinny,,Dark Wash,Basic Plus,Blue,84% Cotton 14% Polyester 2% Elastane,177,662,0.2673716012084592,SLOW MOVING
FMJEN0890,Jeans,2399,SS,JACKSON : Skinny,,Light Wash,Fashion,Blue Grey,99% Cotton 1% Elastane  ,133,290,0.4586206896551724,AVERAGE
FMJEN0889,Jeans,2399,SS,JACKSON : Skinny,,Grey,Basic Plus,Grey,99% Cotton 1% Elastane  ,196,685,0.28613138686131384,SLOW MOVING
FMJEN0879,Jeans,2399,SS,JACKSON : Skinny,,Dark Wash,Basic Plus,Blue,83% cotton +15 poly + 2% Elastane,113,349,0.3237822349570201,SLOW MOVING
FMJEN0878,Jeans,2599,SS,JACKSON : Skinny,,Light Wash,Fashion,Blue,84% Cotton 14% Polyester 2% Elastane,251,732,0.34289617486338797,SLOW MOVING
FMJEN0843,Jeans,2399,SS,Freddie - Slim Straight,,Dark Wash,Basic Plus,Blue,85% Cotton 13% Polyester 2% Elastane,193,235,0.8212765957446808,FAST MOVING
FMJEN0837,Jeans,2599,SS,Slash/Michael - Slim Tapered,,Black,Rinse,Black,CT/EL:98.3/1.7,725,1067,0.6794751640112465,FAST MOVING
FMJEN0815,Jeans,2399,SS,Slash/Michael - Slim Tapered,,Dark Wash,Fashion,Blue,71.20 cotton+27.1 Poly+1.70 Spandex,142,266,0.5338345864661654,FAST MOVING
FMJEN0824,Jeans,2399,SS,Freddie - Slim Straight,,Washed Black,Basic,Black,89% cotton +29.5 poly +1.55 lycra,412,632,0.6518987341772152,FAST MOVING
FMJEN0818,Jeans,2399,SS,Slash/Michael - Slim Tapered,,Light Wash,Fashion,Blue,Cotton poly elastance,348,866,0.4018475750577367,AVERAGE
FMJEN0822,Jeans,1999,SS,Slash/Michael - Slim Tapered,,Light Wash,Fashion,Blue,90.4% cotton+4.30 Lyocell+1% spandex,388,711,0.5457102672292545,FAST MOVING
FMJEN0825,Jeans,2399,SS,Slash/Michael - Slim Tapered,,Grey,Basic Plus,Grey,89% cotton +29.5 poly +1.55 lycra,200,308,0.6493506493506493,FAST MOVING
FMJEN0826,Jeans,2399,SS,Slash/Michael - Slim Tapered,,Washed Black,Basic,Black,89% cotton +29.5 poly +1.55 lycra,281,467,0.6017130620985011,FAST MOVING
FMJEN0830,Jeans,2399,SS,Slash/Michael - Slim Tapered,,Blue Black,Basic,Blue Black,Cotton poly elastance,516,801,0.6441947565543071,FAST MOVING
FMJEN0832,Jeans,1999,SS,Slash/Michael - Slim Tapered,,Rinse,Rinse,Blue Black,Cotton poly elastance,424,831,0.5102286401925391,FAST MOVING
FMJEN0834,Jeans,1999,SS,MANKLE : Relaxed Tapered + Crop,,Mid Wash,Fashion,Blue Grey,70%cotton+28.2 Poly+1.8% Spandex,326,691,0.4717800289435601,AVERAGE
FMJEN0883,Jeans,2799,SS,BRUCE : Bootcut,,Light Wash,Fashion,Blue,56% COTTON+25% POLY+18% VISCOSE+1%ELASTANCE,154,426,0.3615023474178404,AVERAGE
FMJEN0831,Jeans,2599,SS,Freddie - Slim Straight,,Dark Wash,Fashion,Blue,60% COTTON+24% POLYESTER+10%VISCOSE+6%ELASTANE,559,744,0.7513440860215054,FAST MOVING
FMJEN0814,Jeans,1999,SS,MANKLE : Relaxed Tapered + Crop,,Rinse,Rinse,Blue,76% COTTON+20% POLY+3% VISCOSE+1%ELASTANCE,372,876,0.4246575342465753,AVERAGE
FMJEN0468,Jeans,2299,SS,Slash/Michael - Slim Tapered,,Rinse,Rinse,Blue,"62Co, 38Li",265,508,0.5216535433070866,FAST MOVING
FMJEN0494,Jeans,2299,SS,JACKSON : Skinny,,Colored,Basic,Colored,"62Co, 38Li",295,773,0.3816300129366106,AVERAGE
FMJEN0590,Jeans,2999,SS,Jogger Fit,,Blue Black,Basic,Blue Black,CT/PY/TNCL/EL: 72.7/15/10.8/1.5,167,366,0.4562841530054645,AVERAGE
FMJEN0596,Jeans,2999,SS,Slash/Michael - Slim Tapered,,Blue Black,Basic,Blue Black,CT/PY/TNCL/EL: 72.7/15/10.8/1.5,328,639,0.513302034428795,FAST MOVING
FMJEN0631,Jeans,2999,SS,Slash/Michael - Slim Tapered,,Blue Black,Basic,Blue Black,CT/PY/TNCL/EL: 72.7/15/10.8/1.5,184,379,0.48548812664907653,AVERAGE
FMSHT0968,Shirts,2299,SS,REGULAR,FS,Solid,,Yellow,"62Co, 38Li",215,694,0.30979827089337175,SLOW MOVING
FMSHT0970,Shirts,2299,SS,REGULAR,FS,Solid,,Blue,"62Co, 38Li",258,689,0.37445573294629897,SLOW MOVING
FMSHT0972,Shirts,2299,SS,REGULAR,FS,Solid,,Brown,"62Co, 38Li",261,482,0.5414937759336099,AVERAGE
FMSHT0973,Shirts,2299,SS,REGULAR,FS,Solid,,Purple,"62Co, 38Li",344,764,0.450261780104712,AVERAGE
FMJEN0615,Jeans,3499,SS,Slash/Michael - Slim Tapered,,Mid Wash,Basic Plus,Blue,60% COTTON+24% POLYESTER+10%VISCOSE+6%ELASTANE,51,303,0.16831683168316833,SLOW MOVING
FMJEN0618,Jeans,3499,SS,Slash/Michael - Slim Tapered,,Mid Wash,Basic Plus,Blue,60% COTTON+24% POLYESTER+10%VISCOSE+6%ELASTANE,35,271,0.12915129151291513,SLOW MOVING
FMJEN0632,Jeans,2999,SS,Slash/Michael - Slim Tapered,,Black,Rinse,Black,CT/PY/TNCL/EL: 72.7/15/10.8/1.5,76,342,0.2222222222222222,SLOW MOVING
FMSHT0901,Shirts,1999,SS,REGULAR,FS,Checks,,Multi,100% Cotton,370,480,0.7708333333333334,FAST MOVING
